latitude,longitude,brightness,scan,track,acq_date,acq_time,satellite,instrument,confidence,version,bright_t31,frp,daynight,type
38.3511,-8.6941,302,1.1,1.1,2023-01-02,2209,Terra,MODIS,46,61.03,277.6,10.3,N,0
41.2716,-7.9209,301.4,1.4,1.2,2023-01-05,1130,Terra,MODIS,46,61.03,281,11.4,D,0
37.9808,-8.8225,310.9,1.1,1,2023-01-12,2228,Terra,MODIS,81,61.03,280.8,15,N,0
37.9822,-8.8107,304.3,1.1,1,2023-01-12,2228,Terra,MODIS,60,61.03,280,10.5,N,0
37.8934,-7.5275,303.9,1,1,2023-01-20,1348,Aqua,MODIS,58,61.03,288.4,5.9,D,0
38.3261,-8.6497,303.4,1.3,1.1,2023-01-24,1127,Terra,MODIS,56,61.03,283.8,10.9,D,0
39.5449,-8.6728,302.6,1.2,1.1,2023-01-24,1127,Terra,MODIS,50,61.03,280.9,11.1,D,0
40.8377,-8.1477,307,1,1,2023-01-27,1351,Aqua,MODIS,64,61.03,281.4,10.6,D,0
40.9536,-8.0284,314.8,1.6,1.3,2023-01-29,1136,Terra,MODIS,75,61.03,279.2,35.5,D,0
40.9573,-8.047,312.9,1.6,1.3,2023-01-29,1136,Terra,MODIS,73,61.03,279.6,32.1,D,0
40.946,-8.0482,340.9,1.6,1.3,2023-01-29,1136,Terra,MODIS,92,61.03,281.3,97.3,D,0
40.9423,-8.0298,344.3,1.6,1.3,2023-01-29,1136,Terra,MODIS,94,61.03,281.2,110.3,D,0
40.9454,-8.042,309,1.1,1,2023-01-29,1338,Aqua,MODIS,68,61.03,285.7,13,D,0
38.164,-8.7257,301.1,1.1,1,2023-01-31,1120,Terra,MODIS,45,61.03,288.3,6.1,D,0
40.8284,-8.1341,316.7,1.1,1,2023-01-31,1120,Terra,MODIS,77,61.03,281.7,19.9,D,0
40.8264,-8.1214,316,1.1,1,2023-01-31,1120,Terra,MODIS,76,61.03,284.4,19.2,D,0
40.8243,-8.1324,307.4,1.5,1.2,2023-01-31,1325,Aqua,MODIS,65,61.03,284.1,18.9,D,0
38.0099,-8.1027,309.7,1.3,1.1,2023-02-01,1406,Aqua,MODIS,69,61.03,293,13,D,0
38.0083,-8.1173,325,1.3,1.1,2023-02-01,1406,Aqua,MODIS,83,61.03,295,32.9,D,0
40.9942,-7.9938,326.7,1.4,1.2,2023-02-01,1407,Aqua,MODIS,85,61.03,282.4,45.7,D,0
40.9926,-8.0092,312.9,1.4,1.2,2023-02-01,1407,Aqua,MODIS,73,61.03,283.5,23.1,D,0
40.989,-7.9996,300.9,1.4,1.2,2023-02-01,1407,Aqua,MODIS,22,61.03,283.2,9.7,D,0
40.9996,-8.0012,328.1,1.4,1.2,2023-02-01,1407,Aqua,MODIS,85,61.03,282.2,47.5,D,0
41.6917,-8.4728,322.4,1.4,1.2,2023-02-01,1407,Aqua,MODIS,82,61.03,287.7,33.8,D,0
40.8681,-8.2577,306.9,1.1,1,2023-02-02,1104,Terra,MODIS,46,61.03,283.7,9.7,D,0
40.8641,-8.2903,300.6,1.1,1,2023-02-02,1104,Terra,MODIS,25,61.03,284.9,6.1,D,0
40.7188,-7.4069,300.9,1,1,2023-02-02,1104,Terra,MODIS,43,61.03,280.4,7.3,D,0
40.7172,-7.3952,313.8,1,1,2023-02-02,1104,Terra,MODIS,74,61.03,281.2,15.9,D,0
40.725,-7.3908,302.1,2.2,1.4,2023-02-02,1312,Aqua,MODIS,51,61.03,283.1,22.1,D,0
41.8334,-8.8258,301.5,2.4,1.5,2023-02-02,1312,Aqua,MODIS,31,61.03,285.1,20.3,D,0
41.828,-8.8313,306.1,2.4,1.5,2023-02-02,1312,Aqua,MODIS,48,61.03,285.7,32.6,D,0
40.9791,-7.9765,310.6,2.3,1.5,2023-02-03,1145,Terra,MODIS,70,61.03,283.3,39,D,0
40.9778,-7.97,307.3,2.3,1.5,2023-02-03,1145,Terra,MODIS,62,61.03,283.6,30.2,D,0
40.9666,-7.9809,328.5,2.3,1.5,2023-02-03,1145,Terra,MODIS,86,61.03,286.6,93.3,D,0
37.9273,-7.5193,305.8,1,1,2023-02-03,1353,Aqua,MODIS,56,61.03,295.1,5.4,D,0
37.9258,-7.5308,310.1,1,1,2023-02-03,1353,Aqua,MODIS,70,61.03,295.8,8.4,D,0
40.9663,-7.9788,319.8,1,1,2023-02-03,1354,Aqua,MODIS,80,61.03,289.6,19.5,D,0
40.9647,-7.991,308.3,1,1,2023-02-03,1354,Aqua,MODIS,67,61.03,289.2,9.6,D,0
40.9737,-7.9931,335.8,1,1,2023-02-03,1354,Aqua,MODIS,90,61.03,285.1,39.6,D,0
40.0601,-8.1556,302.5,1,1,2023-02-03,1354,Aqua,MODIS,49,61.03,290.8,5.6,D,0
41.7294,-8.3988,306.2,1,1,2023-02-03,1354,Aqua,MODIS,63,61.03,288.6,7.5,D,0
41.8647,-7.9314,322,1.1,1,2023-02-03,1354,Aqua,MODIS,81,61.03,290,22.8,D,0
41.8631,-7.944,302.5,1.1,1,2023-02-03,1354,Aqua,MODIS,51,61.03,289,6,D,0
41.9143,-8.3915,302.7,1,1,2023-02-03,1354,Aqua,MODIS,52,61.03,289,5.2,D,0
41.9127,-8.4036,308.8,1,1,2023-02-03,1354,Aqua,MODIS,68,61.03,290,9.3,D,0
41.731,-8.3867,306.5,1,1,2023-02-03,1354,Aqua,MODIS,64,61.03,287.5,7.7,D,0
40.069,-8.158,305.2,1,1,2023-02-03,1354,Aqua,MODIS,61,61.03,290.5,7.6,D,0
41.7495,-7.9482,304.8,3.2,1.7,2023-02-04,0331,Aqua,MODIS,62,61.03,276.1,56,N,0
41.6576,-7.784,311.7,1.4,1.2,2023-02-04,2153,Terra,MODIS,83,61.03,276.9,24.8,N,0
41.5907,-7.9686,305.7,1.4,1.2,2023-02-04,2153,Terra,MODIS,65,61.03,278.5,18.8,N,0
41.5875,-7.9853,303.1,1.4,1.2,2023-02-04,2153,Terra,MODIS,53,61.03,279.5,15.9,N,0
41.6545,-7.8009,308.4,1.4,1.2,2023-02-04,2153,Terra,MODIS,74,61.03,277,21.1,N,0
41.6534,-7.7892,320.5,1.4,1.2,2023-02-04,2153,Terra,MODIS,100,61.03,278.3,36.5,N,0
41.7324,-8.35,332.1,1.1,1.1,2023-02-05,0235,Aqua,MODIS,100,61.03,283.3,43.5,N,0
41.8689,-7.7355,302.6,1.3,1.1,2023-02-05,1128,Terra,MODIS,36,61.03,286.1,9.5,D,0
41.8768,-7.7269,305.7,1.3,1.1,2023-02-05,1128,Terra,MODIS,53,61.03,285.9,12,D,0
41.838,-7.9077,305.7,1.3,1.1,2023-02-05,1129,Terra,MODIS,62,61.03,287,12,D,0
40.981,-8.0554,302.4,1.3,1.1,2023-02-05,1129,Terra,MODIS,52,61.03,283.6,10.6,D,0
40.9709,-8.0574,329.1,1.3,1.1,2023-02-05,1129,Terra,MODIS,86,61.03,286,45.3,D,0
41.8408,-7.9226,304.6,1.3,1.1,2023-02-05,1129,Terra,MODIS,59,61.03,286.2,10.8,D,0
38.6126,-8.4701,303.1,1.1,1.1,2023-02-05,1340,Aqua,MODIS,55,61.03,292.5,5.5,D,0
38.6148,-8.4573,303.6,1.1,1.1,2023-02-05,1340,Aqua,MODIS,56,61.03,292.1,5.8,D,0
38.5091,-7.835,306.8,1.1,1,2023-02-05,1340,Aqua,MODIS,48,61.03,292.2,6.2,D,0
38.0538,-8.0479,310.2,1.1,1.1,2023-02-05,1340,Aqua,MODIS,70,61.03,294.8,9.5,D,0
37.6551,-8.2042,303.9,1.1,1.1,2023-02-05,1340,Aqua,MODIS,57,61.03,292.9,5.5,D,0
40.97,-8.0562,303.9,1,1,2023-02-05,1341,Aqua,MODIS,50,61.03,290.1,7.1,D,0
41.5834,-7.9947,302.2,1,1,2023-02-05,1341,Aqua,MODIS,51,61.03,290.2,5.4,D,0
41.8606,-6.5947,306,1,1,2023-02-05,1341,Aqua,MODIS,63,61.03,284.6,8.8,D,0
41.7299,-8.3568,307.8,1,1,2023-02-05,1341,Aqua,MODIS,66,61.03,290.8,8.7,D,0
41.8014,-7.9678,359.2,1,1,2023-02-05,1341,Aqua,MODIS,75,61.03,293.1,87.2,D,0
41.7995,-7.9797,347.4,1,1,2023-02-05,1341,Aqua,MODIS,90,61.03,293.2,59.3,D,0
41.8659,-7.7334,307.6,1,1,2023-02-05,1341,Aqua,MODIS,36,61.03,290.8,8.2,D,0
41.8767,-7.7236,302.2,1,1,2023-02-05,1341,Aqua,MODIS,35,61.03,287.5,5.2,D,0
41.8748,-7.7358,319,1,1,2023-02-05,1341,Aqua,MODIS,79,61.03,288.2,17.7,D,0
41.8673,-7.7841,302.1,1,1,2023-02-05,1341,Aqua,MODIS,51,61.03,288.3,5.7,D,0
41.8655,-7.7961,328.9,1,1,2023-02-05,1341,Aqua,MODIS,86,61.03,290,29.4,D,0
41.9196,-8.333,306.8,1,1,2023-02-05,1341,Aqua,MODIS,64,61.03,291.7,7.5,D,0
42.0154,-8.1353,301.4,1,1,2023-02-05,1341,Aqua,MODIS,47,61.03,289.7,4.7,D,0
42.0134,-8.1478,302.5,1,1,2023-02-05,1341,Aqua,MODIS,52,61.03,290.7,5.2,D,0
41.697,-7.854,328.1,1.5,1.2,2023-02-05,2234,Terra,MODIS,100,61.03,275.2,54.5,N,0
41.6954,-7.8705,303.3,1.4,1.2,2023-02-05,2234,Terra,MODIS,54,61.03,275.1,17.3,N,0
42.0309,-8.1159,311.8,1.4,1.2,2023-02-05,2234,Terra,MODIS,83,61.03,276.3,25.1,N,0
41.6909,-7.8587,322.6,1.5,1.2,2023-02-05,2234,Terra,MODIS,100,61.03,275.5,43.7,N,0
42.0361,-8.1117,303.8,1.4,1.2,2023-02-05,2234,Terra,MODIS,39,61.03,276,15.7,N,0
42.0345,-8.1279,317.7,1.4,1.2,2023-02-05,2234,Terra,MODIS,95,61.03,276.7,32.2,N,0
41.8906,-7.7355,307.8,2.7,1.6,2023-02-06,1032,Terra,MODIS,66,61.03,283.3,39.4,D,0
41.8887,-7.704,308.5,2.6,1.6,2023-02-06,1032,Terra,MODIS,67,61.03,285.1,42,D,0
38.0853,-7.9491,307.2,2.2,1.4,2023-02-06,1422,Aqua,MODIS,65,61.03,293.3,21.3,D,0
38.0723,-7.9476,306.8,2.2,1.4,2023-02-06,1422,Aqua,MODIS,64,61.03,293.8,19.6,D,0
41.8105,-7.9335,302.6,2.5,1.5,2023-02-06,1423,Aqua,MODIS,48,61.03,288.1,19.7,D,0
41.6496,-8.1644,312.5,2.4,1.5,2023-02-06,1423,Aqua,MODIS,69,61.03,290.5,40.7,D,0
41.8167,-7.9394,301.9,2.5,1.5,2023-02-06,1423,Aqua,MODIS,42,61.03,288,17.3,D,0
41.8495,-7.8547,318.2,2.5,1.5,2023-02-06,1423,Aqua,MODIS,78,61.03,288.6,63.8,D,0
41.8691,-7.7636,313.2,2.5,1.5,2023-02-06,1423,Aqua,MODIS,73,61.03,286.9,47.7,D,0
41.8935,-7.7167,307.1,2.6,1.5,2023-02-06,1423,Aqua,MODIS,65,61.03,286.2,33.8,D,0
41.6774,-8.1042,302.3,2.4,1.5,2023-02-06,2137,Terra,MODIS,48,61.03,278.6,32.6,N,0
41.7027,-7.8697,305,2.3,1.5,2023-02-06,2137,Terra,MODIS,62,61.03,273.7,38.3,N,0
41.6735,-8.1061,306.2,2.4,1.5,2023-02-06,2137,Terra,MODIS,67,61.03,277.7,38.2,N,0
41.6827,-8.2305,307,1.6,1.3,2023-02-07,0222,Aqua,MODIS,70,61.03,275.8,24.3,N,0
41.681,-8.2125,332.7,1.6,1.3,2023-02-07,0222,Aqua,MODIS,100,61.03,278.1,75.2,N,0
41.7418,-6.9176,324.9,1,1,2023-02-07,1113,Terra,MODIS,83,61.03,281.3,27.5,D,0
41.6648,-8.2358,307.4,1,1,2023-02-07,1113,Terra,MODIS,62,61.03,287.1,9.4,D,0
41.1871,-7.9548,329.2,1,1,2023-02-07,1113,Terra,MODIS,86,61.03,282.4,31.2,D,0
41.9249,-8.4084,324.8,1.4,1.2,2023-02-07,1328,Aqua,MODIS,83,61.03,284.8,39.7,D,0
41.6444,-8.1323,322.5,1.5,1.2,2023-02-08,1410,Aqua,MODIS,82,61.03,288.4,39.5,D,0
41.6551,-8.136,303.4,1.5,1.2,2023-02-08,1410,Aqua,MODIS,23,61.03,286.5,10.9,D,0
41.6533,-8.154,307.4,1.5,1.2,2023-02-08,1410,Aqua,MODIS,46,61.03,286,14.9,D,0
41.6426,-8.1505,332.9,1.5,1.2,2023-02-08,1410,Aqua,MODIS,88,61.03,289.1,62.2,D,0
41.6314,-8.2547,305.2,1.2,1.1,2023-02-09,1057,Terra,MODIS,61,61.03,284.1,10.8,D,0
41.7058,-6.9658,303.5,1.1,1,2023-02-09,1057,Terra,MODIS,56,61.03,282.9,9.2,D,0
41.6712,-8.0623,318.6,1.2,1.1,2023-02-09,1057,Terra,MODIS,79,61.03,282.6,25.9,D,0
41.6217,-8.2572,302.1,1.2,1.1,2023-02-09,1057,Terra,MODIS,43,61.03,285.8,8,D,0
41.8901,-8.3544,300.5,2.1,1.4,2023-02-09,1314,Aqua,MODIS,38,61.03,288.6,14.6,D,0
41.0097,-7.826,319.3,1.1,1.1,2023-02-09,2201,Terra,MODIS,98,61.03,274.3,27.3,N,0
42.1007,-8.2176,328.3,1.1,1.1,2023-02-09,2202,Terra,MODIS,100,61.03,278,37.3,N,0
42.0983,-8.2316,345.5,1.1,1.1,2023-02-09,2202,Terra,MODIS,100,61.03,278.5,69.5,N,0
42.106,-8.2133,302.5,1.6,1.3,2023-02-10,1137,Terra,MODIS,53,61.03,283.4,16.1,D,0
42.1094,-8.2306,308.5,1.6,1.3,2023-02-10,1137,Terra,MODIS,67,61.03,283,23.2,D,0
41.5624,-7.5217,300.5,1.8,1.3,2023-02-10,1138,Terra,MODIS,38,61.03,278.4,16.8,D,0
41.4349,-8.1016,302.9,1.7,1.3,2023-02-10,1138,Terra,MODIS,54,61.03,283.8,16,D,0
41.4373,-8.1071,302.1,1.7,1.3,2023-02-10,1138,Terra,MODIS,51,61.03,283.3,15.9,D,0
41.6879,-7.9059,331.4,1.1,1,2023-02-10,1356,Aqua,MODIS,87,61.03,283.7,37.4,D,0
40.3655,-7.1869,301.5,1.1,1.1,2023-02-10,1356,Aqua,MODIS,47,61.03,287,6.3,D,0
40.9623,-8.0651,318.5,1.1,1,2023-02-10,1356,Aqua,MODIS,78,61.03,287.9,19.2,D,0
41.55,-8.121,302.6,1.1,1,2023-02-10,1356,Aqua,MODIS,53,61.03,283.5,7,D,0
41.6024,-8.158,318.5,1.1,1,2023-02-10,1356,Aqua,MODIS,79,61.03,288.3,19.6,D,0
41.6007,-8.1708,317.1,1.1,1,2023-02-10,1356,Aqua,MODIS,77,61.03,289.2,18.2,D,0
41.6786,-7.9038,306.2,1.1,1,2023-02-10,1356,Aqua,MODIS,63,61.03,284.5,10.5,D,0
41.8993,-8.3422,300.7,1.1,1,2023-02-10,1357,Aqua,MODIS,40,61.03,288.9,4.6,D,0
40.9917,-8.0874,324.9,2,1.4,2023-02-11,1041,Terra,MODIS,83,61.03,283.2,67.3,D,0
40.9898,-8.0649,303.1,2,1.4,2023-02-11,1041,Terra,MODIS,55,61.03,280.7,19.7,D,0
40.9891,-8.0802,304.1,3.4,1.7,2023-02-11,1301,Aqua,MODIS,58,61.03,283.5,49.1,D,0
40.999,-8.089,300.4,3.4,1.7,2023-02-11,1301,Aqua,MODIS,14,61.03,283.9,32.2,D,0
41.5956,-7.9539,326.9,1.8,1.3,2023-02-11,2146,Terra,MODIS,100,61.03,274.8,67.2,N,0
41.6038,-7.9618,313.7,1.8,1.3,2023-02-11,2146,Terra,MODIS,88,61.03,273.5,38.5,N,0
41.5925,-7.9585,307.5,1.8,1.3,2023-02-11,2146,Terra,MODIS,72,61.03,274.6,29.4,N,0
41.7167,-7.974,308.1,1.1,1,2023-02-12,0237,Aqua,MODIS,74,61.03,273.8,14.9,N,0
41.5041,-8.0938,309.4,1.1,1,2023-02-12,0238,Aqua,MODIS,77,61.03,275.2,15.6,N,0
41.9071,-8.3454,305.7,1.1,1,2023-02-12,1122,Terra,MODIS,62,61.03,274.3,11.1,D,0
40.9948,-8.0812,320.1,1.1,1.1,2023-02-12,1122,Terra,MODIS,80,61.03,284.8,23.7,D,0
40.9925,-8.0677,309.7,1.1,1.1,2023-02-12,1122,Terra,MODIS,69,61.03,281.3,13.5,D,0
38.2101,-7.2557,321.4,1,1,2023-02-12,1342,Aqua,MODIS,81,61.03,289.1,19.4,D,0
40.328,-7.9954,302.1,1,1,2023-02-12,1343,Aqua,MODIS,32,61.03,287.8,4.9,D,0
40.321,-7.981,304.1,1,1,2023-02-12,1343,Aqua,MODIS,58,61.03,287.7,6.3,D,0
40.3191,-7.9929,303.8,1,1,2023-02-12,1343,Aqua,MODIS,57,61.03,288.4,6.1,D,0
41.4105,-7.8251,316.4,1,1,2023-02-12,1343,Aqua,MODIS,77,61.03,277.5,16.5,D,0
41.6951,-8.2641,306.8,1,1,2023-02-12,1343,Aqua,MODIS,64,61.03,279.7,9.5,D,0
41.8938,-8.3582,301.5,1,1,2023-02-12,1343,Aqua,MODIS,48,61.03,280.8,5.6,D,0
41.69,-8.0291,328.1,1,1,2023-02-14,1106,Terra,MODIS,81,61.03,281.7,29.9,D,0
41.7111,-6.6648,300.2,1,1,2023-02-14,1106,Terra,MODIS,31,61.03,284.1,5.3,D,0
41.017,-8.1667,317.8,1,1,2023-02-14,1106,Terra,MODIS,78,61.03,285.3,17.8,D,0
40.9664,-7.8604,303.7,1,1,2023-02-14,1106,Terra,MODIS,57,61.03,284.7,7.4,D,0
40.7615,-7.0619,300.9,1,1,2023-02-14,1106,Terra,MODIS,43,61.03,285.3,5.1,D,0
38.8165,-7.2464,329.8,1,1,2023-02-14,1106,Terra,MODIS,86,61.03,286.7,29.8,D,0
38.8077,-7.2485,304.2,1,1,2023-02-14,1106,Terra,MODIS,58,61.03,285.6,7.1,D,0
38.0285,-7.3556,301.8,1,1,2023-02-14,1107,Terra,MODIS,49,61.03,286.9,5.1,D,0
38.0162,-7.3672,303.6,1.4,1.2,2023-02-14,1329,Aqua,MODIS,57,61.03,289.5,8.4,D,0
41.6624,-8.1543,307.9,1.3,1.1,2023-02-14,1330,Aqua,MODIS,51,61.03,286.6,11.1,D,0
41.7085,-6.6724,308.2,1.1,1.1,2023-02-14,1330,Aqua,MODIS,67,61.03,287.4,10.5,D,0
41.6653,-8.1385,311.9,1.3,1.1,2023-02-14,1330,Aqua,MODIS,71,61.03,285.8,15.6,D,0
41.6635,-8.1448,319.8,1.3,1.1,2023-02-14,1330,Aqua,MODIS,79,61.03,286.4,25.5,D,0
41.6666,-8.1283,304.4,1,1,2023-02-14,2211,Terra,MODIS,60,61.03,276.1,9.8,N,0
41.6684,-8.1165,314.7,1,1,2023-02-14,2211,Terra,MODIS,90,61.03,277.4,17.3,N,0
41.3315,-8.2833,304.5,2.3,1.5,2023-02-15,1147,Terra,MODIS,59,61.03,286.8,20.4,D,0
41.3331,-8.2877,303.2,2.3,1.5,2023-02-15,1147,Terra,MODIS,55,61.03,286.8,18.9,D,0
41.7257,-7.9203,304.8,1.7,1.3,2023-02-15,1412,Aqua,MODIS,60,61.03,290.1,13.1,D,0
41.4473,-7.7513,307.2,1.7,1.3,2023-02-15,1412,Aqua,MODIS,65,61.03,290.2,15.8,D,0
41.7275,-7.8994,300.7,1.7,1.3,2023-02-15,1412,Aqua,MODIS,40,61.03,290.3,8.5,D,0
41.7572,-8.309,308.1,1.5,1.2,2023-02-16,1050,Terra,MODIS,67,61.03,288.4,15.7,D,0
41.7555,-8.2912,330.4,1.5,1.2,2023-02-16,1050,Terra,MODIS,87,61.03,291.4,54.8,D,0
41.7449,-8.295,300.2,1.5,1.2,2023-02-16,1050,Terra,MODIS,14,61.03,289.5,6.5,D,0
41.0414,-8.0653,300.1,1.4,1.2,2023-02-16,1050,Terra,MODIS,28,61.03,285.7,8.2,D,0
40.994,-8.076,300,1.4,1.2,2023-02-16,1050,Terra,MODIS,18,61.03,288.3,7,D,0
38.17,-8.1356,300.5,1.3,1.1,2023-02-16,1051,Terra,MODIS,39,61.03,289.3,5.6,D,0
41.7666,-7.9028,307.6,1.9,1.3,2023-02-16,1316,Aqua,MODIS,66,61.03,287.1,21.8,D,0
41.7498,-8.301,307.9,2,1.4,2023-02-16,1316,Aqua,MODIS,66,61.03,290.8,22,D,0
40.2089,-7.8147,326.7,2.1,1.4,2023-02-16,1316,Aqua,MODIS,85,61.03,288.4,73.1,D,0
40.2035,-7.8395,313.2,2.1,1.4,2023-02-16,1316,Aqua,MODIS,73,61.03,288.2,35.8,D,0
40.2101,-7.8194,331.4,2.1,1.4,2023-02-16,1316,Aqua,MODIS,87,61.03,288.1,91.4,D,0
40.2046,-7.8444,307.1,2.1,1.4,2023-02-16,1316,Aqua,MODIS,65,61.03,288,25,D,0
41.55,-8.1518,302.8,2,1.4,2023-02-16,1316,Aqua,MODIS,54,61.03,287.5,13.2,D,0
41.5412,-8.1549,305,2,1.4,2023-02-16,1316,Aqua,MODIS,60,61.03,288.6,16.6,D,0
41.7713,-7.912,307.8,1.9,1.3,2023-02-16,1316,Aqua,MODIS,66,61.03,286.8,21.2,D,0
41.9781,-8.4329,322.7,1.4,1.2,2023-02-16,2155,Terra,MODIS,100,61.03,280.8,38.5,N,0
41.121,-8.3313,314.9,1.4,1.2,2023-02-16,2155,Terra,MODIS,90,61.03,281.7,28.4,N,0
41.8493,-7.2632,301.4,1.5,1.2,2023-02-17,1130,Terra,MODIS,46,61.03,287.2,9.5,D,0
41.8458,-7.2453,307.7,1.5,1.2,2023-02-17,1130,Terra,MODIS,66,61.03,286.8,16.6,D,0
41.5886,-7.9706,302.6,1.4,1.2,2023-02-17,1131,Terra,MODIS,53,61.03,287.5,9.1,D,0
41.602,-7.9842,306.9,1.4,1.2,2023-02-17,1131,Terra,MODIS,52,61.03,286.6,12.6,D,0
41.5918,-7.9871,315.9,1.4,1.2,2023-02-17,1131,Terra,MODIS,76,61.03,287.3,24.3,D,0
41.6799,-8.3402,324.5,1.3,1.1,2023-02-17,1131,Terra,MODIS,83,61.03,290.7,33.7,D,0
41.7525,-7.9028,302.7,1.4,1.2,2023-02-17,1131,Terra,MODIS,53,61.03,287.3,10.1,D,0
41.6826,-8.3546,309.8,1.3,1.1,2023-02-17,1131,Terra,MODIS,69,61.03,290.7,13.5,D,0
41.051,-7.5829,303.4,1.2,1.1,2023-02-17,1358,Aqua,MODIS,56,61.03,291.8,6.7,D,0
41.719,-7.9688,313.2,1.1,1.1,2023-02-17,1359,Aqua,MODIS,73,61.03,294.1,12.4,D,0
41.7175,-7.9812,310.2,1.1,1.1,2023-02-17,1359,Aqua,MODIS,70,61.03,294.2,9.5,D,0
41.6742,-8.3403,328.8,1.1,1,2023-02-17,1359,Aqua,MODIS,86,61.03,295.1,28.8,D,0
41.6727,-8.353,323.4,1.1,1,2023-02-17,1359,Aqua,MODIS,82,61.03,297.6,21.4,D,0
41.6836,-8.3422,331.3,1.1,1,2023-02-17,1359,Aqua,MODIS,87,61.03,293.8,32.3,D,0
41.682,-8.3549,319.9,1.1,1,2023-02-17,1359,Aqua,MODIS,80,61.03,296.2,17.1,D,0
41.7555,-7.9075,313.5,1.1,1.1,2023-02-17,1359,Aqua,MODIS,74,61.03,292.7,14.7,D,0
41.7538,-7.9213,308.4,1.1,1.1,2023-02-17,1359,Aqua,MODIS,67,61.03,291.5,10.2,D,0
41.82,-7.5574,307.1,1.2,1.1,2023-02-17,1359,Aqua,MODIS,65,61.03,290.6,8.3,D,0
41.8184,-7.5715,303,1.2,1.1,2023-02-17,1359,Aqua,MODIS,54,61.03,290.3,5.4,D,0
41.8782,-7.1245,330.2,1.2,1.1,2023-02-17,1359,Aqua,MODIS,87,61.03,293.4,37.6,D,0
41.8766,-7.139,331.4,1.2,1.1,2023-02-17,1359,Aqua,MODIS,87,61.03,293.7,39.7,D,0
41.8881,-7.1264,308,1.2,1.1,2023-02-17,1359,Aqua,MODIS,66,61.03,292.9,9.4,D,0
41.8864,-7.1412,311.4,1.2,1.1,2023-02-17,1359,Aqua,MODIS,71,61.03,292.4,12.9,D,0
41.8676,-7.7411,315.5,1.2,1.1,2023-02-17,1359,Aqua,MODIS,76,61.03,293,16.7,D,0
41.2696,-8.4133,305.6,1.1,1,2023-02-17,1359,Aqua,MODIS,61,61.03,294.2,4.9,D,0
41.268,-8.4262,311.5,1.1,1,2023-02-17,1359,Aqua,MODIS,71,61.03,294.3,9.6,D,0
41.5754,-6.6402,330.8,1.3,1.1,2023-02-17,1359,Aqua,MODIS,87,61.03,293.4,42,D,0
41.5738,-6.6549,307.8,1.3,1.1,2023-02-17,1359,Aqua,MODIS,66,61.03,293.1,9.8,D,0
41.5986,-6.9845,300.6,1.2,1.1,2023-02-17,1359,Aqua,MODIS,34,61.03,290.4,4,D,0
41.5977,-7.9796,311.6,1.1,1.1,2023-02-17,1359,Aqua,MODIS,71,61.03,290.4,11.9,D,0
41.5961,-7.9929,316.3,1.1,1.1,2023-02-17,1359,Aqua,MODIS,77,61.03,291.9,16.5,D,0
41.5758,-8.1633,315.2,1.1,1.1,2023-02-17,1359,Aqua,MODIS,75,61.03,295.9,14.3,D,0
41.5897,-7.9828,300.9,1.5,1.2,2023-02-17,2236,Terra,MODIS,36,61.03,280.1,14.9,N,0
41.8542,-8.3201,307.1,3.4,1.7,2023-02-18,0335,Aqua,MODIS,52,61.03,281.9,68.7,N,0
41.7239,-7.8421,318.6,3,1.6,2023-02-18,1303,Aqua,MODIS,68,61.03,281,83.1,D,0
41.7154,-7.8765,305.5,3,1.6,2023-02-18,1303,Aqua,MODIS,50,61.03,280.7,35.1,D,0
41.8024,-7.585,316.1,2.8,1.6,2023-02-18,1303,Aqua,MODIS,76,61.03,287.4,66,D,0
41.7945,-7.6171,326.7,2.9,1.6,2023-02-18,1303,Aqua,MODIS,85,61.03,287.9,116.9,D,0
41.7243,-7.8472,320.4,3,1.6,2023-02-18,1303,Aqua,MODIS,31,61.03,281.4,83.9,D,0
41.8044,-7.5901,321.2,2.8,1.6,2023-02-18,1303,Aqua,MODIS,81,61.03,287.3,87.5,D,0
41.7964,-7.622,322.1,2.9,1.6,2023-02-18,1303,Aqua,MODIS,81,61.03,287.5,93.2,D,0
41.6831,-8.2578,301.5,3.1,1.7,2023-02-18,1303,Aqua,MODIS,47,61.03,288.7,23,D,0
41.673,-8.2975,303.2,3.1,1.7,2023-02-18,1303,Aqua,MODIS,55,61.03,289.7,26.8,D,0
41.7678,-7.984,320.1,3,1.6,2023-02-18,1303,Aqua,MODIS,69,61.03,285.8,92.3,D,0
41.7587,-8.3386,301,3.1,1.7,2023-02-18,1303,Aqua,MODIS,44,61.03,288.5,21,D,0
41.7308,-8.064,326,1,1,2023-02-19,0240,Aqua,MODIS,100,61.03,281.4,29.6,N,0
41.8028,-7.6892,355,1,1,2023-02-19,1115,Terra,MODIS,98,61.03,286.9,76.6,D,0
41.8071,-7.7753,313.8,1,1,2023-02-19,1115,Terra,MODIS,74,61.03,291,13.2,D,0
41.8052,-7.7633,307.6,1,1,2023-02-19,1115,Terra,MODIS,66,61.03,289.1,8.7,D,0
41.5069,-8.0547,308.7,1,1,2023-02-19,1115,Terra,MODIS,51,61.03,275.4,9.9,D,0
41.4962,-8.0453,307,1,1,2023-02-19,1115,Terra,MODIS,39,61.03,279.2,7.8,D,0
40.3206,-7.9899,315.8,1,1,2023-02-19,1345,Aqua,MODIS,76,61.03,291.9,12.9,D,0
40.3224,-7.9782,302.7,1,1,2023-02-19,1345,Aqua,MODIS,53,61.03,290.7,3.6,D,0
41.5048,-8.0549,317.6,1,1,2023-02-19,1345,Aqua,MODIS,62,61.03,291.4,14,D,0
41.7999,-7.2381,302.1,1,1,2023-02-19,1345,Aqua,MODIS,48,61.03,290.4,3.8,D,0
41.8809,-6.9882,307.8,1,1,2023-02-19,1345,Aqua,MODIS,66,61.03,290,7.1,D,0
41.8792,-7.0001,316.2,1,1,2023-02-19,1345,Aqua,MODIS,76,61.03,290.7,13.5,D,0
41.8559,-7.1664,311,1,1,2023-02-19,1345,Aqua,MODIS,66,61.03,289.9,9,D,0
41.8542,-7.1782,304.1,1,1,2023-02-19,1345,Aqua,MODIS,42,61.03,290.4,4.5,D,0
41.7675,-7.9042,324.7,1,1,2023-02-19,1345,Aqua,MODIS,83,61.03,281,21.8,D,0
41.7658,-7.916,315.4,1,1,2023-02-19,1345,Aqua,MODIS,76,61.03,282.7,12.8,D,0
41.7955,-7.7767,312.3,1,1,2023-02-19,1345,Aqua,MODIS,72,61.03,291.8,11.5,D,0
41.9159,-7.1392,328.8,1,1,2023-02-19,1345,Aqua,MODIS,86,61.03,289.1,26,D,0
41.8452,-7.7596,319.5,1,1,2023-02-19,1345,Aqua,MODIS,79,61.03,283.8,16.2,D,0
41.9569,-7.1743,334.8,1,1,2023-02-19,1345,Aqua,MODIS,89,61.03,290.6,34.8,D,0
41.3043,-8.2778,322.5,1,1,2023-02-19,2219,Terra,MODIS,100,61.03,281.9,24.6,N,0
41.9556,-7.1758,306.4,1.1,1.1,2023-02-19,2220,Terra,MODIS,68,61.03,276,13.3,N,0
42.0044,-8.2029,301.5,1,1,2023-02-19,2220,Terra,MODIS,40,61.03,278.7,7.9,N,0
42.0149,-8.1931,312.4,1,1,2023-02-19,2220,Terra,MODIS,85,61.03,279.3,15,N,0
41.5085,-8.051,311.4,1,1,2023-02-19,2220,Terra,MODIS,82,61.03,279.3,15.1,N,0
41.858,-7.9035,302.6,1.1,1,2023-02-19,2220,Terra,MODIS,45,61.03,276.5,9.2,N,0
41.7677,-7.9639,300.1,1.1,1,2023-02-19,2220,Terra,MODIS,15,61.03,277.9,8,N,0
41.849,-7.9013,300.4,1.1,1,2023-02-19,2220,Terra,MODIS,10,61.03,276.4,7.6,N,0
38.159,-7.8787,306.8,1.4,1.2,2023-02-24,1124,Terra,MODIS,64,61.03,290,10.7,D,0
38.1563,-7.8637,303.1,1.4,1.2,2023-02-24,1124,Terra,MODIS,49,61.03,286.5,7.2,D,0
37.9935,-7.5553,305.6,1.1,1.1,2023-02-24,1400,Aqua,MODIS,62,61.03,294.3,6.2,D,0
37.9595,-8.8422,300.2,1,1,2023-02-24,1400,Aqua,MODIS,22,61.03,289.4,2.4,D,0
40.8275,-8.3844,308.1,1.1,1.1,2023-02-24,1400,Aqua,MODIS,67,61.03,283.1,11.1,D,0
41.677,-7.9239,304.2,1.2,1.1,2023-02-24,1401,Aqua,MODIS,50,61.03,278.2,10.7,D,0
39.1573,-7.2058,307.3,1,1,2023-02-26,1108,Terra,MODIS,65,61.03,286.5,8.9,D,0
38.6712,-8.8742,324.7,1.1,1,2023-02-26,1346,Aqua,MODIS,83,61.03,293,22.8,D,0
38.6692,-8.8861,322.8,1.1,1,2023-02-26,1346,Aqua,MODIS,82,61.03,293.2,20.5,D,0
40.8816,-7.9118,321.8,1.2,1.1,2023-02-28,1333,Aqua,MODIS,81,61.03,284,28.1,D,0
40.95,-7.7634,301.5,1.9,1.3,2023-03-01,1416,Aqua,MODIS,47,61.03,285.1,14.3,D,0
40.916,-6.9714,300.2,2,1.4,2023-03-02,1035,Terra,MODIS,31,61.03,283,13.9,D,0
40.2544,-7.6049,306.5,1.8,1.3,2023-03-02,1320,Aqua,MODIS,64,61.03,288,18.3,D,0
40.2501,-7.6256,306.2,1.8,1.3,2023-03-02,1320,Aqua,MODIS,63,61.03,288.6,18.2,D,0
40.4422,-7.5489,321.2,1.8,1.3,2023-03-02,1320,Aqua,MODIS,81,61.03,285.4,47.2,D,0
40.4382,-7.5677,322.6,1.8,1.3,2023-03-02,1320,Aqua,MODIS,82,61.03,285.5,51.6,D,0
41.1067,-8.207,302.3,1.8,1.3,2023-03-02,1320,Aqua,MODIS,39,61.03,287.2,13.4,D,0
41.7771,-7.8541,302.2,1,1,2023-03-03,1116,Terra,MODIS,49,61.03,285.5,6,D,0
41.7752,-7.8419,328.1,1,1,2023-03-03,1116,Terra,MODIS,85,61.03,284.9,29.4,D,0
40.4612,-7.5422,366.4,1.1,1,2023-03-03,1117,Terra,MODIS,100,61.03,289.6,121.1,D,0
38.7634,-7.9045,304.7,1.1,1.1,2023-03-03,1117,Terra,MODIS,60,61.03,290.6,6.6,D,0
38.4194,-7.9572,304.4,1.1,1.1,2023-03-03,1117,Terra,MODIS,59,61.03,290.2,6.7,D,0
37.4493,-7.5842,317.5,1.2,1.1,2023-03-03,1117,Terra,MODIS,78,61.03,293.5,16.6,D,0
37.4471,-7.5711,315.2,1.2,1.1,2023-03-03,1117,Terra,MODIS,75,61.03,293,14.3,D,0
37.4444,-7.6128,310,1.2,1.1,2023-03-03,1117,Terra,MODIS,54,61.03,292.4,8.7,D,0
37.4508,-7.6719,320.1,1.2,1.1,2023-03-03,1117,Terra,MODIS,80,61.03,292.5,20.3,D,0
37.4486,-7.6589,314.9,1.2,1.1,2023-03-03,1117,Terra,MODIS,75,61.03,292.8,14.4,D,0
40.5685,-7.0165,309.3,1.1,1.1,2023-03-03,1117,Terra,MODIS,68,61.03,287.7,11.5,D,0
40.4632,-7.5547,353.4,1.1,1,2023-03-03,1117,Terra,MODIS,97,61.03,284.7,81.6,D,0
39.4301,-7.3277,304.9,1.1,1.1,2023-03-03,1117,Terra,MODIS,60,61.03,288.6,8,D,0
41.6349,-8.0027,319.6,1.2,1.1,2023-03-03,1402,Aqua,MODIS,79,61.03,289.3,23.9,D,0
40.4824,-7.3233,316.4,1.3,1.1,2023-03-03,1402,Aqua,MODIS,77,61.03,292,19.5,D,0
40.4693,-7.5342,321.6,1.2,1.1,2023-03-03,1402,Aqua,MODIS,81,61.03,285.9,26.6,D,0
40.4677,-7.5487,313.2,1.2,1.1,2023-03-03,1402,Aqua,MODIS,73,61.03,285.6,16.7,D,0
40.636,-8.1102,300.4,1.2,1.1,2023-03-03,1402,Aqua,MODIS,33,61.03,288.2,4.8,D,0
41.688,-7.2368,306.8,1.3,1.1,2023-03-03,1402,Aqua,MODIS,64,61.03,290.9,10,D,0
41.6332,-8.0178,301.7,1.2,1.1,2023-03-03,1402,Aqua,MODIS,49,61.03,288.1,6.2,D,0
41.7925,-7.5995,314.1,1.3,1.1,2023-03-03,1402,Aqua,MODIS,74,61.03,291.4,16,D,0
41.7922,-7.589,311.3,1.3,1.1,2023-03-03,1402,Aqua,MODIS,65,61.03,291.8,13,D,0
41.7746,-7.8485,301.2,1.2,1.1,2023-03-03,1402,Aqua,MODIS,42,61.03,289.8,6.3,D,0
41.9757,-8.4251,314.2,1.2,1.1,2023-03-03,1402,Aqua,MODIS,48,61.03,287.8,14.7,D,0
41.9854,-8.4265,310.9,1.2,1.1,2023-03-03,1402,Aqua,MODIS,54,61.03,286.1,12,D,0
41.9838,-8.4404,311.9,1.2,1.1,2023-03-03,1402,Aqua,MODIS,57,61.03,286.9,12.8,D,0
41.9126,-6.9542,310.9,1.2,1.1,2023-03-03,2221,Terra,MODIS,81,61.03,272.4,20.1,N,0
41.7934,-8.2601,304.1,1.1,1,2023-03-03,2221,Terra,MODIS,58,61.03,274.9,11.7,N,0
41.2481,-8.3338,315.1,2.9,1.6,2023-03-04,1307,Aqua,MODIS,75,61.03,291.1,59.5,D,0
41.2401,-8.3666,306,2.9,1.6,2023-03-04,1307,Aqua,MODIS,63,61.03,290.7,28.4,D,2
41.2348,-8.3335,313.9,2.9,1.6,2023-03-04,1307,Aqua,MODIS,74,61.03,292.5,54,D,0
41.2492,-8.3378,305.5,2.9,1.6,2023-03-04,1307,Aqua,MODIS,51,61.03,290.8,24.2,D,0
37.9947,-7.9607,309.6,1.3,1.1,2023-03-14,1336,Aqua,MODIS,61,61.03,295,8.5,D,0
39.6049,-8.4028,301.3,1.2,1.1,2023-03-14,1336,Aqua,MODIS,24,61.03,287.9,3.6,D,0
39.73,-8.3428,317.2,1.2,1.1,2023-03-14,1336,Aqua,MODIS,77,61.03,287.8,19.8,D,0
39.7275,-8.3569,311.8,1.2,1.1,2023-03-14,1336,Aqua,MODIS,72,61.03,288.6,13.8,D,0
41.6362,-7.3232,305.1,1.1,1.1,2023-03-15,1118,Terra,MODIS,61,61.03,289.2,6.4,D,0
41.627,-7.3258,301.1,1.1,1.1,2023-03-15,1118,Terra,MODIS,19,61.03,289.4,3.4,D,0
39.9466,-8.6439,305.2,1.1,1,2023-03-15,1118,Terra,MODIS,61,61.03,293.2,4.9,D,0
37.9366,-7.5441,324.8,1.2,1.1,2023-03-15,1119,Terra,MODIS,81,61.03,300.9,26.1,D,0
37.7017,-8.7765,315.4,1.1,1,2023-03-15,1119,Terra,MODIS,50,61.03,295.5,11.8,D,0
37.6925,-8.7789,319.1,1.1,1,2023-03-15,1119,Terra,MODIS,66,61.03,295.6,15.9,D,0
37.3831,-7.6931,315.3,1.6,1.3,2023-03-20,1127,Terra,MODIS,71,61.03,297.2,19,D,0
37.3723,-7.6968,308.7,1.6,1.3,2023-03-20,1127,Terra,MODIS,37,61.03,296.7,9.1,D,0
37.3772,-7.7031,314.4,1.2,1.1,2023-03-21,1337,Aqua,MODIS,31,61.03,302.9,6.7,D,0
40.2105,-7.8434,319.4,1.1,1.1,2023-03-21,1337,Aqua,MODIS,77,61.03,292.7,19.2,D,0
40.8753,-8.2421,307.5,1,1,2023-03-22,1110,Terra,MODIS,66,61.03,287.4,7.4,D,0
40.4508,-7.5202,307,1,1,2023-03-22,1110,Terra,MODIS,65,61.03,282.9,8.2,D,0
40.2182,-7.8169,308.7,1,1,2023-03-22,1110,Terra,MODIS,67,61.03,284.4,9.3,D,0
40.2165,-7.8052,311.5,1,1,2023-03-22,1110,Terra,MODIS,71,61.03,285.2,11.5,D,0
39.0712,-8.3145,303.9,1,1,2023-03-22,1111,Terra,MODIS,42,61.03,292.3,3.6,D,0
38.5794,-7.5926,314.7,1,1,2023-03-22,1111,Terra,MODIS,70,61.03,296.8,11,D,0
38.5859,-8.2882,307.3,1,1,2023-03-22,1111,Terra,MODIS,56,61.03,294.5,5.9,D,0
39.0765,-7.6301,306.2,2,1.4,2023-03-25,1135,Terra,MODIS,49,61.03,294.7,13.4,D,0
38.7234,-7.6488,308.7,1.2,1.1,2023-03-27,1119,Terra,MODIS,63,61.03,295.9,7.4,D,0
38.1368,-8.1375,314,1.2,1.1,2023-03-27,1120,Terra,MODIS,68,61.03,301.5,8.2,D,0
37.3963,-7.7095,321.3,1.2,1.1,2023-03-28,1338,Aqua,MODIS,28,61.03,305.3,10.8,D,0
38.7101,-8.6499,321.6,1.3,1.1,2023-03-28,1338,Aqua,MODIS,75,61.03,302.6,15.4,D,0
41.6612,-8.1262,311.6,1.1,1,2023-03-28,1339,Aqua,MODIS,71,61.03,293.9,9,D,0
41.978,-8.3382,301.2,1.1,1,2023-03-29,1102,Terra,MODIS,45,61.03,279.5,6.5,D,0
38.4029,-7.4618,311.6,1,1,2023-03-29,1103,Terra,MODIS,53,61.03,296,4.8,D,0
38.2184,-7.4009,324.6,1,1,2023-03-29,1103,Terra,MODIS,78,61.03,302.2,16.3,D,0
37.3746,-7.6936,312.2,1,1,2023-03-29,1104,Terra,MODIS,37,61.03,300,4.4,D,0
41.6698,-7.731,307,2.2,1.4,2023-03-29,1421,Aqua,MODIS,65,61.03,287.7,22,D,0
41.6675,-7.7362,308.6,2.2,1.4,2023-03-29,1421,Aqua,MODIS,67,61.03,287.8,25.9,D,0
41.8707,-6.7333,317.7,2,1.4,2023-04-01,1311,Aqua,MODIS,73,61.03,288.7,43,D,0
37.3816,-7.696,321.1,1,1,2023-04-02,1352,Aqua,MODIS,69,61.03,305.3,9.1,D,0
39.2968,-8.6379,303,1,1,2023-04-03,1112,Terra,MODIS,44,61.03,279.3,3.7,D,0
41.9267,-8.7067,317.5,2.6,1.6,2023-04-04,1152,Terra,MODIS,78,61.03,291.1,59.7,D,0
41.9345,-8.7094,324.1,2.6,1.6,2023-04-04,1152,Terra,MODIS,78,61.03,291.3,87.1,D,0
40.9819,-8.0348,304.8,1.1,1,2023-04-04,1339,Aqua,MODIS,59,61.03,290.1,6.1,D,0
40.9798,-8.0475,309.4,1.1,1,2023-04-04,1339,Aqua,MODIS,68,61.03,290.4,9.5,D,0
41.3217,-8.0571,366.5,1.1,1,2023-04-04,1339,Aqua,MODIS,94,61.03,287.4,119.1,D,0
41.3196,-8.07,324.7,1.1,1,2023-04-04,1339,Aqua,MODIS,82,61.03,290.9,24.6,D,0
41.3083,-8.2696,335.9,1.2,1.1,2023-04-05,1055,Terra,MODIS,89,61.03,296.4,45.5,D,0
40.9812,-7.986,306.6,1.2,1.1,2023-04-05,1055,Terra,MODIS,53,61.03,291.7,6.4,D,0
40.9795,-7.972,324.6,1.2,1.1,2023-04-05,1055,Terra,MODIS,82,61.03,291.8,26,D,0
40.5666,-7.346,358.7,1.1,1.1,2023-04-05,1055,Terra,MODIS,99,61.03,299.3,92.4,D,0
40.5651,-7.334,314.6,1.1,1,2023-04-05,1055,Terra,MODIS,50,61.03,299.1,10.9,D,0
40.5574,-7.3481,324.7,1.1,1.1,2023-04-05,1055,Terra,MODIS,81,61.03,297.7,23.1,D,0
41.3023,-8.2805,309.5,2.1,1.4,2023-04-05,1422,Aqua,MODIS,0,61.03,273.8,25.3,D,0
41.3065,-8.2638,308.2,2.1,1.4,2023-04-05,1422,Aqua,MODIS,51,61.03,279.2,23.1,D,0
41.8071,-7.6025,308.7,2.3,1.5,2023-04-05,1422,Aqua,MODIS,46,61.03,285.9,20.5,D,0
41.8354,-7.9145,326.7,1.7,1.3,2023-04-06,1135,Terra,MODIS,83,61.03,295.5,45.4,D,0
41.8376,-7.9191,325.4,1.7,1.3,2023-04-06,1135,Terra,MODIS,82,61.03,295.6,44.2,D,0
41.8466,-7.911,315.8,1.7,1.3,2023-04-06,1135,Terra,MODIS,52,61.03,298.2,21.8,D,0
41.8335,-7.899,321.2,1.7,1.3,2023-04-06,1135,Terra,MODIS,78,61.03,295.7,34.4,D,0
41.8032,-8.7431,308,1.6,1.2,2023-04-06,1135,Terra,MODIS,57,61.03,295.4,10.8,D,0
41.8404,-7.9163,344.7,1.5,1.2,2023-04-06,1326,Aqua,MODIS,93,61.03,302.1,86.2,D,0
41.8852,-6.9921,317.2,1.3,1.1,2023-04-06,1326,Aqua,MODIS,70,61.03,298.1,16.9,D,0
41.8439,-7.8988,320,1.5,1.2,2023-04-06,1326,Aqua,MODIS,75,61.03,297.7,24.6,D,0
41.8753,-7.9096,322.3,1.5,1.2,2023-04-06,1326,Aqua,MODIS,78,61.03,296.4,29.5,D,0
42.0162,-8.4437,309.3,1.6,1.2,2023-04-06,1326,Aqua,MODIS,59,61.03,295.9,10.5,D,0
40.9795,-8.2323,315.9,1.2,1.1,2023-04-07,0302,Aqua,MODIS,92,61.03,285.4,22.8,N,0
40.9769,-8.218,314.8,1.2,1.1,2023-04-07,0302,Aqua,MODIS,90,61.03,284.2,21.7,N,0
41.4244,-7.7447,318.3,1.9,1.3,2023-04-07,1038,Terra,MODIS,75,61.03,285,35.4,D,0
41.4193,-7.7509,311.6,1.9,1.3,2023-04-07,1038,Terra,MODIS,64,61.03,284.8,23,D,0
41.4175,-7.7297,312.1,1.9,1.3,2023-04-07,1038,Terra,MODIS,65,61.03,288.3,23.5,D,0
40.6702,-8.445,319.9,1.3,1.1,2023-04-07,1408,Aqua,MODIS,73,61.03,294.6,19.6,D,0
40.9889,-7.3555,311.9,1.5,1.2,2023-04-07,1408,Aqua,MODIS,56,61.03,297.1,8,D,0
41.4168,-7.74,315.4,1.4,1.2,2023-04-07,1408,Aqua,MODIS,67,61.03,295.3,14.9,D,0
41.4151,-7.7568,309,1.4,1.2,2023-04-07,1408,Aqua,MODIS,37,61.03,293.7,6.8,D,0
41.4216,-7.7461,312.6,1.4,1.2,2023-04-07,1408,Aqua,MODIS,55,61.03,293.8,10.7,D,0
41.8826,-7.9128,327,1.4,1.2,2023-04-07,1408,Aqua,MODIS,83,61.03,291.4,36.3,D,0
41.9682,-7.1434,307.8,1.5,1.2,2023-04-07,1408,Aqua,MODIS,50,61.03,292.1,8.1,D,0
41.8932,-7.9132,330.8,1.4,1.2,2023-04-07,1408,Aqua,MODIS,86,61.03,293.7,44,D,0
39.4051,-8.3508,310.9,1.2,1.1,2023-04-08,1120,Terra,MODIS,47,61.03,300.2,5.9,D,0
40.5445,-7.3376,308.2,3.1,1.7,2023-04-09,1022,Terra,MODIS,49,61.03,291.3,26,D,0
40.5409,-7.3506,324.8,1,1,2023-04-09,1354,Aqua,MODIS,78,61.03,301.2,18.1,D,0
40.5392,-7.3632,311.9,1,1,2023-04-09,1354,Aqua,MODIS,52,61.03,299.1,5.7,D,0
42.0141,-8.5939,315.6,1,1,2023-04-09,1354,Aqua,MODIS,76,61.03,278.3,13.8,D,0
40.2303,-7.6292,314.8,1.6,1.2,2023-04-13,1326,Aqua,MODIS,75,61.03,290.5,23.3,D,0
40.2337,-7.6119,339.6,1.6,1.2,2023-04-13,1326,Aqua,MODIS,92,61.03,291.6,79.1,D,0
41.6097,-6.7926,311.6,1.1,1,2023-04-15,1111,Terra,MODIS,43,61.03,288.7,9,D,0
41.4438,-8.5018,312.4,1.1,1.1,2023-04-18,1340,Aqua,MODIS,36,61.03,302,4.7,D,0
40.6482,-8.1818,308.8,1.1,1.1,2023-04-20,1120,Terra,MODIS,54,61.03,293.9,8.9,D,0
40.6508,-8.1803,317.5,1.6,1.3,2023-04-20,1326,Aqua,MODIS,69,61.03,294.5,27.5,D,0
40.6466,-8.2008,315.3,1.6,1.3,2023-04-20,1326,Aqua,MODIS,65,61.03,295.8,23.5,D,0
41.905,-7.1589,317.9,1.4,1.2,2023-04-20,1327,Aqua,MODIS,73,61.03,302.2,17,D,0
38.1475,-7.7717,312.7,1,1,2023-04-22,1104,Terra,MODIS,65,61.03,298.2,6.6,D,0
38.9926,-7.7982,308.9,1,1,2023-04-22,1104,Terra,MODIS,51,61.03,292.9,6.2,D,0
38.951,-7.8894,308.2,1,1,2023-04-22,1104,Terra,MODIS,48,61.03,290.3,4.8,D,0
38.098,-7.4373,314.3,1,1,2023-04-22,1104,Terra,MODIS,68,61.03,295.2,9,D,0
38.0964,-7.4261,312,1,1,2023-04-22,1104,Terra,MODIS,64,61.03,293.3,7.4,D,0
37.8958,-8.6593,320.7,1,1,2023-04-22,1105,Terra,MODIS,71,61.03,293.6,16.1,D,0
37.2284,-8.2547,315.2,1,1,2023-04-22,1105,Terra,MODIS,64,61.03,297.7,9,D,0
41.633,-6.4384,317.5,1,1,2023-04-25,1341,Aqua,MODIS,64,61.03,301.1,8.4,D,0
41.1216,-7.7511,315.8,1,1,2023-04-27,1112,Terra,MODIS,65,61.03,298.6,6.2,D,0
41.5446,-8.2692,318,1.1,1,2023-05-02,1341,Aqua,MODIS,76,61.03,287.7,13.6,D,0
41.5424,-8.282,314.1,1.1,1,2023-05-02,1341,Aqua,MODIS,71,61.03,288.1,9.8,D,0
41.8374,-6.9368,318.6,1.3,1.2,2023-05-11,1327,Aqua,MODIS,72,61.03,297.5,19.8,D,0
41.2755,-7.593,323.8,1.4,1.2,2023-05-12,1409,Aqua,MODIS,80,61.03,298,25.8,D,0
41.2738,-7.61,315.2,1.4,1.2,2023-05-12,1409,Aqua,MODIS,70,61.03,297.2,13.3,D,0
37.9506,-8.7971,325.9,1,1,2023-05-16,1105,Terra,MODIS,53,61.03,309.1,11.1,D,0
40.5837,-8.5564,345.8,1.5,1.2,2023-05-18,1047,Terra,MODIS,88,61.03,282.5,90.6,D,0
40.5795,-8.5632,318.7,1.5,1.2,2023-05-18,1047,Terra,MODIS,59,61.03,282.3,24.5,D,0
38.9179,-8.7945,318.8,1.4,1.2,2023-05-18,1048,Terra,MODIS,50,61.03,305.7,12.9,D,0
40.5803,-8.5694,318.4,1.8,1.3,2023-05-18,1326,Aqua,MODIS,69,61.03,286.9,32.1,D,0
40.5845,-8.5493,319.4,1.8,1.3,2023-05-18,1326,Aqua,MODIS,60,61.03,286.1,33.9,D,0
41.4636,-8.225,313.2,1.6,1.3,2023-05-18,1327,Aqua,MODIS,51,61.03,295.2,13.5,D,0
38.8491,-8.2367,330.7,1.6,1.2,2023-06-28,1418,Aqua,MODIS,66,61.03,313.9,17.8,D,0
38.849,-8.231,331.4,1.6,1.2,2023-06-28,1418,Aqua,MODIS,68,61.03,313.8,20.8,D,0
38.7735,-9.271,336.3,1,1,2023-06-30,1404,Aqua,MODIS,60,61.03,307.6,28.5,D,2
38.7657,-9.2638,339.4,1,1,2023-06-30,1404,Aqua,MODIS,82,61.03,307.6,30.1,D,2
40.715,-8.1951,317.6,1.2,1.1,2023-07-01,1118,Terra,MODIS,57,61.03,304.3,9.4,D,0
38.5605,-8.8816,335.5,1.6,1.2,2023-07-04,1336,Aqua,MODIS,77,61.03,310.8,43.8,D,0
40.6369,-8.5251,319.4,1,1,2023-07-09,1349,Aqua,MODIS,56,61.03,301.2,10,D,0
39.1995,-9.0088,345.6,1.3,1.1,2023-07-12,1417,Aqua,MODIS,91,61.03,302,67.3,D,0
39.1621,-9.006,309.5,2.3,1.5,2023-07-12,2140,Terra,MODIS,78,61.03,289.6,32.4,N,0
39.1746,-9.0103,380,2.3,1.5,2023-07-12,2140,Terra,MODIS,100,61.03,293.8,502.9,N,0
39.1695,-9.0337,331,2.3,1.5,2023-07-12,2140,Terra,MODIS,100,61.03,289,100.8,N,0
39.1873,-9.0141,335.3,2.3,1.5,2023-07-12,2140,Terra,MODIS,100,61.03,289.4,120,N,0
39.1826,-9.0358,317.7,2.3,1.5,2023-07-12,2140,Terra,MODIS,95,61.03,287.2,53.1,N,0
39.1769,-8.9962,300.3,2.6,1.6,2023-07-13,0216,Aqua,MODIS,12,61.03,288,18.8,N,0
39.1694,-9.0193,301.5,2.6,1.6,2023-07-13,0216,Aqua,MODIS,41,61.03,288.3,22.9,N,0
40.7091,-8.4848,318.2,1.1,1.1,2023-07-13,1117,Terra,MODIS,31,61.03,304.5,8.9,D,2
40.7129,-8.1902,317.1,1.2,1.1,2023-07-13,1117,Terra,MODIS,54,61.03,305,9.5,D,0
41.2238,-7.6338,321.1,1.2,1.1,2023-07-13,2221,Terra,MODIS,100,61.03,292.2,26.8,N,0
41.2253,-7.6196,336.9,1.2,1.1,2023-07-13,2221,Terra,MODIS,100,61.03,294.1,54.1,N,0
39.1849,-9.0227,348.3,1.1,1.1,2023-07-16,1348,Aqua,MODIS,93,61.03,307.2,62.8,D,0
39.1914,-9.0177,336,1.1,1.1,2023-07-16,1348,Aqua,MODIS,82,61.03,307.5,36.9,D,0
39.1893,-9.03,327.7,1.1,1.1,2023-07-16,1348,Aqua,MODIS,70,61.03,301.1,23.8,D,0
40.2653,-8.5073,318.5,1.1,1,2023-07-16,1348,Aqua,MODIS,58,61.03,305.2,8.8,D,0
39.9003,-8.1306,355.3,2.4,1.5,2023-07-17,1430,Aqua,MODIS,97,61.03,306.4,226.2,D,0
39.8983,-8.1578,356.3,2.4,1.5,2023-07-17,1430,Aqua,MODIS,98,61.03,308.7,232.6,D,0
39.8952,-8.1346,356.4,2.4,1.5,2023-07-17,1430,Aqua,MODIS,98,61.03,308.2,234.7,D,0
39.8933,-8.1618,339,2.4,1.5,2023-07-17,1430,Aqua,MODIS,86,61.03,308.8,108,D,0
40.3839,-7.8437,323.1,2.5,1.5,2023-07-17,1430,Aqua,MODIS,56,61.03,306.8,32.2,D,0
40.3975,-7.8451,324,2.5,1.5,2023-07-17,1430,Aqua,MODIS,65,61.03,307.5,34.6,D,0
40.3921,-7.8515,332.7,2.5,1.5,2023-07-17,1430,Aqua,MODIS,82,61.03,307.6,76.2,D,0
41.8175,-6.7257,318.7,1.3,1.1,2023-07-25,1116,Terra,MODIS,68,61.03,304.3,9.4,D,0
38.6396,-8.9344,328.6,1.1,1.1,2023-07-25,1116,Terra,MODIS,73,61.03,307.5,17,D,0
38.7335,-9.4233,303,1,1,2023-07-25,2220,Terra,MODIS,53,61.03,289.9,5.7,N,0
38.7231,-9.4328,318.5,1,1,2023-07-25,2220,Terra,MODIS,97,61.03,291.2,17.1,N,2
38.6733,-9.1783,308.9,1,1,2023-07-25,2220,Terra,MODIS,76,61.03,290.4,9.2,N,0
38.7513,-9.4273,312.1,1,1,2023-07-25,2220,Terra,MODIS,84,61.03,289.3,12.2,N,0
38.7424,-9.4252,313.3,1,1,2023-07-25,2220,Terra,MODIS,87,61.03,290.2,12.7,N,0
37.4302,-8.2241,349.1,1.3,1.1,2023-07-26,1414,Aqua,MODIS,91,61.03,316.6,59,D,0
37.4386,-8.2399,376.2,1.3,1.1,2023-07-26,1414,Aqua,MODIS,100,61.03,324.6,170.1,D,0
37.4401,-8.2261,405.7,1.3,1.1,2023-07-26,1414,Aqua,MODIS,100,61.03,325.8,385,D,0
37.4286,-8.238,351,1.3,1.1,2023-07-26,1414,Aqua,MODIS,93,61.03,317.8,65,D,0
39.7542,-8.7088,326.5,1,1,2023-07-28,1400,Aqua,MODIS,65,61.03,303.6,12.7,D,0
41.8744,-8.793,308.7,1.7,1.3,2023-07-31,0322,Aqua,MODIS,75,61.03,285.3,23.7,N,0
41.178,-7.9008,326.3,2.3,1.5,2023-07-31,1428,Aqua,MODIS,70,61.03,303.5,52.3,D,0
41.1794,-7.8941,322.3,2.3,1.5,2023-07-31,1428,Aqua,MODIS,58,61.03,303.3,39.1,D,0
41.0965,-7.257,322.4,2.2,1.4,2023-08-03,1317,Aqua,MODIS,68,61.03,304,34.9,D,0
41.1017,-7.2343,322.3,2.2,1.4,2023-08-03,1317,Aqua,MODIS,67,61.03,305.1,33.9,D,0
38.6428,-8.8866,329.8,1,1,2023-08-04,1358,Aqua,MODIS,58,61.03,316,8.8,D,0
40.4283,-8.5554,329.8,1,1,2023-08-04,1359,Aqua,MODIS,76,61.03,306.3,18,D,0
39.7639,-8.6834,326.5,1,1,2023-08-04,1359,Aqua,MODIS,67,61.03,309.9,11.7,D,0
39.7622,-8.6948,335.9,1,1,2023-08-04,1359,Aqua,MODIS,82,61.03,307.6,24,D,0
39.8029,-7.7358,311.6,1.9,1.4,2023-08-04,2236,Terra,MODIS,38,61.03,292,22.7,N,0
39.8011,-7.7576,322.1,1.9,1.4,2023-08-04,2236,Terra,MODIS,100,61.03,294.6,46.1,N,0
39.7834,-7.7401,321.4,1.9,1.4,2023-08-04,2236,Terra,MODIS,100,61.03,295.2,47.2,N,0
39.7817,-7.7623,368.6,1.9,1.4,2023-08-04,2236,Terra,MODIS,100,61.03,306.3,286.8,N,0
39.7799,-7.7857,337.4,1.9,1.4,2023-08-04,2236,Terra,MODIS,100,61.03,300.1,95.9,N,0
39.7955,-7.7416,336.6,1.9,1.4,2023-08-04,2236,Terra,MODIS,100,61.03,295.1,95.9,N,0
39.7938,-7.7638,338.6,1.9,1.4,2023-08-04,2236,Terra,MODIS,100,61.03,297.3,102.7,N,0
39.792,-7.7873,313.8,1.9,1.4,2023-08-04,2236,Terra,MODIS,68,61.03,293.9,26.2,N,0
39.8076,-7.7431,305.7,1.9,1.4,2023-08-04,2236,Terra,MODIS,65,61.03,292.7,15.1,N,0
39.8058,-7.7655,312,1.9,1.4,2023-08-04,2236,Terra,MODIS,84,61.03,293.9,25.5,N,0
39.8197,-7.7445,313.3,1.9,1.4,2023-08-04,2236,Terra,MODIS,87,61.03,292.2,29.3,N,0
39.751,-7.7737,348.6,1.9,1.4,2023-08-04,2236,Terra,MODIS,100,61.03,298.8,149.9,N,0
39.7493,-7.7953,390.4,1.9,1.3,2023-08-04,2236,Terra,MODIS,100,61.03,305.5,512,N,0
39.7475,-7.8178,321.4,1.9,1.3,2023-08-04,2236,Terra,MODIS,100,61.03,294.6,44.3,N,0
39.7649,-7.7529,325.9,1.9,1.4,2023-08-04,2236,Terra,MODIS,100,61.03,296.1,58.1,N,0
39.763,-7.7764,392.7,1.9,1.4,2023-08-04,2236,Terra,MODIS,100,61.03,310.4,543.2,N,0
39.7613,-7.7976,397.9,1.9,1.3,2023-08-04,2236,Terra,MODIS,100,61.03,307.8,614.5,N,0
39.7594,-7.82,319.2,1.9,1.3,2023-08-04,2236,Terra,MODIS,98,61.03,294.8,37.6,N,0
39.7769,-7.7545,376.6,1.9,1.4,2023-08-04,2236,Terra,MODIS,100,61.03,305.5,358.6,N,0
39.775,-7.7783,375.3,1.9,1.4,2023-08-04,2236,Terra,MODIS,100,61.03,307.3,341.5,N,0
39.7732,-7.8001,326.9,1.9,1.3,2023-08-04,2236,Terra,MODIS,100,61.03,295.8,57.4,N,0
39.7908,-7.7343,316.6,1.9,1.4,2023-08-04,2236,Terra,MODIS,94,61.03,293.1,34,N,0
39.789,-7.7561,356.8,1.9,1.4,2023-08-04,2236,Terra,MODIS,100,61.03,300.4,196.6,N,0
39.787,-7.7797,338.9,1.9,1.4,2023-08-04,2236,Terra,MODIS,100,61.03,297.9,100.5,N,0
39.7663,-7.7584,339.1,4.4,1.9,2023-08-05,0158,Aqua,MODIS,100,61.03,295.6,356.3,N,0
39.7837,-7.7573,308.5,4.4,1.9,2023-08-05,0158,Aqua,MODIS,75,61.03,292.3,76.2,N,0
39.7316,-7.7621,302.5,4.4,1.9,2023-08-05,0158,Aqua,MODIS,49,61.03,291.3,44.7,N,0
39.7805,-7.7616,308.2,4.4,1.9,2023-08-05,0158,Aqua,MODIS,34,61.03,292.8,68.4,N,0
39.7651,-7.8131,323.9,4.4,1.9,2023-08-05,0158,Aqua,MODIS,100,61.03,292.1,176.9,N,0
39.7631,-7.7625,343.4,4.4,1.9,2023-08-05,0158,Aqua,MODIS,100,61.03,296.2,414.6,N,0
39.7477,-7.8152,325.9,4.4,1.9,2023-08-05,0158,Aqua,MODIS,100,61.03,293.7,201,N,0
39.7458,-7.7642,334.9,4.4,1.9,2023-08-05,0158,Aqua,MODIS,100,61.03,295.8,300.4,N,0
39.7303,-7.8167,326.9,4.4,1.9,2023-08-05,0158,Aqua,MODIS,100,61.03,293.1,219.4,N,0
39.7285,-7.7666,303.9,4.4,1.9,2023-08-05,0158,Aqua,MODIS,57,61.03,291.5,51.2,N,0
39.7332,-7.8121,330.4,4.4,1.9,2023-08-05,0158,Aqua,MODIS,100,61.03,293.7,257.3,N,0
39.7489,-7.7587,335.2,4.4,1.9,2023-08-05,0158,Aqua,MODIS,100,61.03,295.3,305.4,N,0
39.7506,-7.8108,328.4,4.4,1.9,2023-08-05,0158,Aqua,MODIS,100,61.03,294.4,226.8,N,0
39.768,-7.8082,327.3,4.4,1.9,2023-08-05,0158,Aqua,MODIS,100,61.03,292.6,214.5,N,0
39.7354,-7.8106,379.1,3.4,1.7,2023-08-05,0336,Aqua,MODIS,100,61.03,298.8,880.9,N,0
39.7863,-7.778,306.3,3.4,1.7,2023-08-05,0336,Aqua,MODIS,31,61.03,291.6,40.2,N,0
39.7915,-7.7835,302.2,3.4,1.7,2023-08-05,0336,Aqua,MODIS,19,61.03,291,27.1,N,0
39.7668,-7.7509,307.1,3.4,1.7,2023-08-05,0336,Aqua,MODIS,65,61.03,291.5,47.3,N,0
39.7617,-7.7952,321.7,3.4,1.7,2023-08-05,0336,Aqua,MODIS,100,61.03,294,110.4,N,0
39.7522,-7.758,336.5,3.4,1.7,2023-08-05,0336,Aqua,MODIS,100,61.03,296.5,223.5,N,0
39.7566,-7.8396,311.8,3.4,1.7,2023-08-05,0336,Aqua,MODIS,83,61.03,291.6,59.7,N,0
39.7467,-7.8008,361.6,3.4,1.7,2023-08-05,0336,Aqua,MODIS,100,61.03,298.8,531.2,N,0
39.7369,-7.7626,318.6,3.4,1.7,2023-08-05,0336,Aqua,MODIS,97,61.03,293.4,96.9,N,0
39.7416,-7.8449,332.9,3.4,1.7,2023-08-05,0336,Aqua,MODIS,100,61.03,292.1,191.6,N,0
39.7318,-7.8069,371.8,3.4,1.7,2023-08-05,0336,Aqua,MODIS,100,61.03,297.6,721.8,N,0
39.7501,-7.804,349.4,3.4,1.7,2023-08-05,0336,Aqua,MODIS,100,61.03,297.4,357.4,N,0
39.7406,-7.7659,327.2,3.4,1.7,2023-08-05,0336,Aqua,MODIS,100,61.03,295.7,149.6,N,0
39.7449,-7.8485,317.3,3.4,1.7,2023-08-05,0336,Aqua,MODIS,95,61.03,291.4,86.5,N,0
39.7155,-7.8205,356,1.8,1.3,2023-08-05,1035,Terra,MODIS,97,61.03,306,151.2,D,0
39.7893,-7.7619,325.6,1.8,1.3,2023-08-05,1035,Terra,MODIS,43,61.03,312.2,24.5,D,0
39.7874,-7.7411,338.3,1.8,1.3,2023-08-05,1035,Terra,MODIS,84,61.03,309.9,63.2,D,0
39.7811,-7.8031,360.6,1.8,1.3,2023-08-05,1035,Terra,MODIS,100,61.03,311.2,179,D,0
39.7793,-7.7823,351,1.8,1.3,2023-08-05,1035,Terra,MODIS,94,61.03,310.8,120,D,0
39.7776,-7.7632,347,1.8,1.3,2023-08-05,1035,Terra,MODIS,91,61.03,312,97,D,0
39.7758,-7.7428,347.5,1.8,1.3,2023-08-05,1035,Terra,MODIS,92,61.03,310.1,99.4,D,0
39.7694,-7.8052,365.5,1.8,1.3,2023-08-05,1035,Terra,MODIS,100,61.03,306.4,211.8,D,0
39.7677,-7.7845,343.2,1.8,1.3,2023-08-05,1035,Terra,MODIS,76,61.03,307.7,81.9,D,0
39.7659,-7.7643,336.6,1.8,1.3,2023-08-05,1035,Terra,MODIS,81,61.03,308.6,52.7,D,0
39.7642,-7.7449,342.1,1.8,1.3,2023-08-05,1035,Terra,MODIS,87,61.03,308.4,75,D,0
39.7595,-7.8274,364.7,1.8,1.3,2023-08-05,1035,Terra,MODIS,100,61.03,306,213,D,0
39.7578,-7.8075,372.6,1.8,1.3,2023-08-05,1035,Terra,MODIS,100,61.03,310.2,271.7,D,0
39.7542,-7.7656,369.6,1.8,1.3,2023-08-05,1035,Terra,MODIS,100,61.03,309.5,234,D,0
39.7526,-7.7462,329.3,1.8,1.3,2023-08-05,1035,Terra,MODIS,71,61.03,306.5,33.7,D,0
39.7479,-7.8294,339.2,1.8,1.3,2023-08-05,1035,Terra,MODIS,85,61.03,304.6,76.9,D,0
39.7462,-7.8093,331.6,1.8,1.3,2023-08-05,1035,Terra,MODIS,66,61.03,306.3,47.5,D,0
39.7445,-7.7893,340.9,1.8,1.3,2023-08-05,1035,Terra,MODIS,86,61.03,307.7,74.8,D,0
39.7427,-7.7687,336.1,1.8,1.3,2023-08-05,1035,Terra,MODIS,81,61.03,310.6,56.7,D,0
39.7328,-7.7906,405.4,1.8,1.3,2023-08-05,1035,Terra,MODIS,100,61.03,314.8,638.8,D,0
39.7311,-7.7707,366,1.8,1.3,2023-08-05,1035,Terra,MODIS,100,61.03,312.1,209.9,D,0
39.7229,-7.813,362.3,1.8,1.3,2023-08-05,1035,Terra,MODIS,100,61.03,307.7,185.7,D,0
39.737,-7.7969,373.8,1.8,1.3,2023-08-05,1035,Terra,MODIS,100,61.03,311,266.7,D,0
39.7352,-7.7769,374.8,1.8,1.3,2023-08-05,1035,Terra,MODIS,100,61.03,316.2,278,D,0
39.7334,-7.7565,323.5,1.8,1.3,2023-08-05,1035,Terra,MODIS,29,61.03,308,19.7,D,0
39.7273,-7.8193,334.7,1.8,1.3,2023-08-05,1035,Terra,MODIS,74,61.03,305,51.8,D,0
39.7254,-7.7991,356.2,1.8,1.3,2023-08-05,1035,Terra,MODIS,97,61.03,308.4,146,D,0
39.7236,-7.7788,342,1.8,1.3,2023-08-05,1035,Terra,MODIS,87,61.03,308.2,78.3,D,0
39.7173,-7.8408,324.7,1.8,1.3,2023-08-05,1035,Terra,MODIS,28,61.03,302.9,27.5,D,0
39.7093,-7.8836,327.3,1.8,1.3,2023-08-05,1035,Terra,MODIS,50,61.03,301.5,40,D,0
39.7075,-7.863,334.5,1.8,1.3,2023-08-05,1035,Terra,MODIS,75,61.03,301.7,60.1,D,0
39.7476,-7.8247,344.4,4.3,1.9,2023-08-05,1303,Aqua,MODIS,90,61.03,304.9,318.7,D,0
39.7765,-7.7842,329.2,4.2,1.9,2023-08-05,1303,Aqua,MODIS,75,61.03,308,132.4,D,0
39.7641,-7.8308,323.1,4.3,1.9,2023-08-05,1303,Aqua,MODIS,34,61.03,306.6,80.5,D,0
39.7311,-7.7743,365.1,4.2,1.9,2023-08-05,1303,Aqua,MODIS,100,61.03,307.8,716.2,D,0
39.7186,-7.8198,342.5,4.3,1.9,2023-08-05,1303,Aqua,MODIS,89,61.03,304.7,296.3,D,0
39.7601,-7.7346,325.8,4.2,1.9,2023-08-05,1303,Aqua,MODIS,63,61.03,306.5,98.9,D,0
39.7474,-7.7808,337.7,4.2,1.9,2023-08-05,1303,Aqua,MODIS,85,61.03,304.4,224.5,D,0
39.7762,-7.7416,325,4.2,1.9,2023-08-05,1303,Aqua,MODIS,43,61.03,307,88.5,D,0
39.7637,-7.7875,344.7,4.2,1.9,2023-08-05,1303,Aqua,MODIS,91,61.03,307.4,322.6,D,0
39.7511,-7.8332,340.5,4.3,1.9,2023-08-05,1303,Aqua,MODIS,88,61.03,306.1,261.2,D,0
39.7601,-7.7782,342.5,4.2,1.9,2023-08-05,1303,Aqua,MODIS,89,61.03,306.4,291.3,D,0
39.7883,-7.7401,336.1,4.2,1.9,2023-08-05,1303,Aqua,MODIS,84,61.03,307.5,200.3,D,0
39.7921,-7.7493,332.6,4.2,1.9,2023-08-05,1303,Aqua,MODIS,76,61.03,308.1,162.3,D,0
39.7274,-7.7657,366,4.2,1.9,2023-08-05,1303,Aqua,MODIS,100,61.03,307.5,751.3,D,0
39.7153,-7.8106,361.4,4.3,1.9,2023-08-05,1303,Aqua,MODIS,100,61.03,305.7,653.9,D,0
39.7437,-7.7723,329,4.2,1.9,2023-08-05,1303,Aqua,MODIS,73,61.03,304.2,132.6,D,0
39.7723,-7.7327,321.8,4.2,1.9,2023-08-05,1303,Aqua,MODIS,21,61.03,306.7,63.6,D,0
37.4311,-8.7687,329.7,2.9,1.6,2023-08-05,1440,Aqua,MODIS,47,61.03,306.7,71.1,D,0
37.4449,-8.7657,334.6,2.9,1.6,2023-08-05,1440,Aqua,MODIS,57,61.03,307.5,97.1,D,0
39.6964,-8.6507,375,3.1,1.7,2023-08-05,1441,Aqua,MODIS,100,61.03,309.2,636.3,D,0
39.6814,-8.6578,357.2,3.1,1.7,2023-08-05,1441,Aqua,MODIS,98,61.03,306.3,356.1,D,0
39.6965,-8.6585,377.4,3.1,1.7,2023-08-05,1441,Aqua,MODIS,100,61.03,309.9,689.6,D,0
39.6945,-8.6949,325.6,3.1,1.7,2023-08-05,1441,Aqua,MODIS,64,61.03,306,68.7,D,0
39.7543,-7.8194,342.7,3.5,1.8,2023-08-05,1441,Aqua,MODIS,88,61.03,307.3,206.2,D,0
39.8216,-7.7411,327.4,3.6,1.8,2023-08-05,1441,Aqua,MODIS,53,61.03,311,66.4,D,0
39.8195,-7.7841,326.2,3.5,1.8,2023-08-05,1441,Aqua,MODIS,44,61.03,309,62.1,D,0
39.814,-7.7458,331.6,3.6,1.8,2023-08-05,1441,Aqua,MODIS,77,61.03,310,103.6,D,0
39.8121,-7.7889,326.4,3.5,1.8,2023-08-05,1441,Aqua,MODIS,58,61.03,308.9,66.5,D,0
39.6943,-8.6867,346.4,3.1,1.7,2023-08-05,1441,Aqua,MODIS,91,61.03,306.8,226.3,D,0
39.7247,-7.7742,328.3,3.5,1.8,2023-08-05,1441,Aqua,MODIS,49,61.03,306.8,79.8,D,0
39.6814,-8.65,358.5,3.1,1.7,2023-08-05,1441,Aqua,MODIS,99,61.03,306.3,372.7,D,0
39.6792,-8.6866,323,3.1,1.7,2023-08-05,1441,Aqua,MODIS,39,61.03,305.5,55.6,D,0
39.719,-7.8988,326.5,3.5,1.8,2023-08-05,1441,Aqua,MODIS,66,61.03,308.7,76,D,0
39.7118,-7.8073,329,3.5,1.8,2023-08-05,1441,Aqua,MODIS,61,61.03,307.2,88.7,D,0
39.7297,-7.7663,323,3.5,1.8,2023-08-05,1441,Aqua,MODIS,37,61.03,306.9,47.3,D,0
39.7228,-7.8156,331.8,3.5,1.8,2023-08-05,1441,Aqua,MODIS,61,61.03,308.7,108.1,D,0
39.7276,-7.8078,327.8,3.5,1.8,2023-08-05,1441,Aqua,MODIS,69,61.03,308,83,D,0
39.7232,-7.8915,329.8,3.5,1.8,2023-08-05,1441,Aqua,MODIS,73,61.03,309.2,98.1,D,0
37.421,-8.7317,325.5,2.5,1.5,2023-08-05,2138,Terra,MODIS,100,61.03,294.3,86.4,N,0
37.434,-8.7367,317.4,2.5,1.5,2023-08-05,2138,Terra,MODIS,94,61.03,294.3,56.2,N,0
37.442,-8.7452,306.6,2.5,1.5,2023-08-05,2138,Terra,MODIS,63,61.03,292.1,26.6,N,0
39.7543,-7.7668,320.3,1.9,1.3,2023-08-05,2139,Terra,MODIS,100,61.03,298.6,38.5,N,0
39.737,-7.7566,311.4,1.9,1.3,2023-08-05,2139,Terra,MODIS,54,61.03,297.9,20.2,N,0
39.7529,-7.7393,309.9,1.9,1.3,2023-08-05,2139,Terra,MODIS,79,61.03,296.7,18.9,N,0
39.7489,-7.7594,340.4,1.9,1.3,2023-08-05,2139,Terra,MODIS,100,61.03,301.1,106.1,N,0
39.7263,-7.7813,308.4,1.9,1.3,2023-08-05,2139,Terra,MODIS,71,61.03,296.3,15.2,N,0
39.747,-7.7425,316.5,1.9,1.3,2023-08-05,2139,Terra,MODIS,93,61.03,297.9,31.1,N,0
39.7426,-7.7634,328.5,1.9,1.3,2023-08-05,2139,Terra,MODIS,100,61.03,299.6,61.7,N,0
39.7585,-7.7468,315.4,1.9,1.3,2023-08-05,2139,Terra,MODIS,91,61.03,297.2,28.6,N,0
39.8205,-7.7464,307,1.9,1.3,2023-08-05,2139,Terra,MODIS,70,61.03,296.8,13.7,N,0
39.7008,-8.6433,306.7,2.1,1.4,2023-08-05,2139,Terra,MODIS,69,61.03,293.2,21.6,N,0
39.7399,-7.733,327,1.1,1,2023-08-06,0240,Aqua,MODIS,100,61.03,292.8,28.8,N,0
39.722,-7.7828,302.4,1.1,1.1,2023-08-06,0240,Aqua,MODIS,49,61.03,291.8,5.6,N,0
39.726,-7.7752,304.3,1.1,1.1,2023-08-06,0240,Aqua,MODIS,52,61.03,292.3,6,N,0
39.7523,-7.7559,313.4,1.1,1.1,2023-08-06,0240,Aqua,MODIS,87,61.03,297.3,12.9,N,0
39.7508,-7.7437,326.1,1.1,1,2023-08-06,0240,Aqua,MODIS,100,61.03,296.5,27.4,N,0
39.743,-7.758,310.6,1.1,1.1,2023-08-06,0240,Aqua,MODIS,51,61.03,294.8,9.8,N,0
39.7415,-7.7455,373.8,1.1,1,2023-08-06,0240,Aqua,MODIS,100,61.03,302.3,149.5,N,0
37.4248,-8.729,313.1,1.1,1.1,2023-08-06,0241,Aqua,MODIS,82,61.03,291.9,13.7,N,0
37.4454,-8.7384,304.2,1.1,1.1,2023-08-06,0241,Aqua,MODIS,29,61.03,288.9,7.1,N,0
37.4394,-8.7184,373.1,1.2,1.1,2023-08-06,1116,Terra,MODIS,100,61.03,311,147.4,D,0
37.4321,-8.7341,325.4,1.2,1.1,2023-08-06,1116,Terra,MODIS,12,61.03,313.1,12.2,D,0
37.4416,-8.7313,436.6,1.2,1.1,2023-08-06,1116,Terra,MODIS,100,61.03,320,705.2,D,0
37.4223,-8.703,342.6,1.3,1.1,2023-08-06,1344,Aqua,MODIS,84,61.03,305.4,54.1,D,0
37.435,-8.6916,355.7,1.3,1.1,2023-08-06,1344,Aqua,MODIS,96,61.03,305.8,94,D,0
37.4323,-8.7064,460,1.3,1.1,2023-08-06,1344,Aqua,MODIS,100,61.03,325.6,1272.6,D,0
37.4296,-8.7211,431.4,1.3,1.1,2023-08-06,1344,Aqua,MODIS,100,61.03,325.9,740.2,D,0
37.4268,-8.736,353,1.3,1.1,2023-08-06,1344,Aqua,MODIS,94,61.03,311.6,84.4,D,0
37.4422,-8.7095,362.7,1.3,1.1,2023-08-06,1344,Aqua,MODIS,100,61.03,308.7,119.6,D,0
37.4395,-8.7243,424.7,1.3,1.1,2023-08-06,1344,Aqua,MODIS,100,61.03,326.6,642.1,D,0
37.4368,-8.7391,378.2,1.3,1.1,2023-08-06,1344,Aqua,MODIS,100,61.03,320,201,D,0
41.1676,-8.4379,328,1.1,1.1,2023-08-06,1345,Aqua,MODIS,68,61.03,312.1,12.4,D,2
41.1769,-8.4407,325.9,1.1,1.1,2023-08-06,1345,Aqua,MODIS,56,61.03,312.5,9.3,D,2
41.2346,-8.4237,325.7,1.1,1.1,2023-08-06,1345,Aqua,MODIS,63,61.03,311.5,10.6,D,2
41.2323,-8.4368,331.5,1.1,1.1,2023-08-06,1345,Aqua,MODIS,76,61.03,311.3,18.7,D,0
39.7168,-8.6355,346.9,1.1,1,2023-08-06,2219,Terra,MODIS,100,61.03,299.6,61.3,N,0
39.7275,-8.625,353.2,1.1,1,2023-08-06,2219,Terra,MODIS,100,61.03,299.8,76.2,N,0
39.726,-8.6375,370,1.1,1,2023-08-06,2219,Terra,MODIS,100,61.03,303.9,128.9,N,0
39.7245,-8.6498,314.7,1.1,1,2023-08-06,2219,Terra,MODIS,89,61.03,294.6,13.1,N,0
39.7351,-8.6394,314.2,1.1,1,2023-08-06,2219,Terra,MODIS,88,61.03,296.1,13.1,N,0
39.7443,-8.6412,358.7,1.1,1,2023-08-06,2219,Terra,MODIS,100,61.03,298.5,91.8,N,0
39.7428,-8.6535,311.1,1.1,1,2023-08-06,2219,Terra,MODIS,81,61.03,294.4,10.2,N,0
37.4353,-8.6599,317.1,1,1,2023-08-06,2219,Terra,MODIS,94,61.03,296,12.9,N,0
37.3934,-8.6982,308.6,1,1,2023-08-06,2219,Terra,MODIS,10,61.03,295.4,4.6,N,0
37.4083,-8.6541,308.1,1,1,2023-08-06,2219,Terra,MODIS,68,61.03,295.3,5.6,N,0
37.4068,-8.6657,314.6,1,1,2023-08-06,2219,Terra,MODIS,88,61.03,296.5,10.3,N,0
37.4024,-8.7,356.8,1,1,2023-08-06,2219,Terra,MODIS,100,61.03,302.5,78,N,0
37.401,-8.7115,338.1,1,1,2023-08-06,2219,Terra,MODIS,100,61.03,299.2,38.2,N,0
37.4173,-8.6561,337.5,1,1,2023-08-06,2219,Terra,MODIS,100,61.03,297.6,38.5,N,0
37.4158,-8.6677,366.2,1,1,2023-08-06,2219,Terra,MODIS,100,61.03,304.6,106.4,N,0
37.4129,-8.6905,328.4,1,1,2023-08-06,2219,Terra,MODIS,100,61.03,298.5,23.6,N,0
37.4114,-8.702,386.5,1,1,2023-08-06,2219,Terra,MODIS,100,61.03,309.4,186.8,N,0
37.4099,-8.7135,398.3,1,1,2023-08-06,2219,Terra,MODIS,100,61.03,309.6,251.7,N,0
37.4248,-8.6696,369.6,1,1,2023-08-06,2219,Terra,MODIS,100,61.03,304.2,117.4,N,0
37.4233,-8.6811,327,1,1,2023-08-06,2219,Terra,MODIS,100,61.03,300.8,22.4,N,0
37.4204,-8.704,394.9,1,1,2023-08-06,2219,Terra,MODIS,100,61.03,309.3,230,N,0
37.4189,-8.7154,458.6,1,1,2023-08-06,2219,Terra,MODIS,100,61.03,325.5,868.7,N,0
37.4145,-8.7496,308.5,1,1,2023-08-06,2219,Terra,MODIS,15,61.03,293.6,6.4,N,0
37.4338,-8.6713,357.7,1,1,2023-08-06,2219,Terra,MODIS,100,61.03,301.5,81.5,N,0
37.4323,-8.6828,335.7,1,1,2023-08-06,2219,Terra,MODIS,100,61.03,301.7,34,N,0
37.4413,-8.6846,327.6,1,1,2023-08-06,2219,Terra,MODIS,100,61.03,298,23.4,N,0
37.4399,-8.696,314.6,1,1,2023-08-06,2219,Terra,MODIS,88,61.03,298.3,10,N,0
37.4474,-8.7093,333.6,1,1,2023-08-06,2219,Terra,MODIS,100,61.03,297.9,31.6,N,0
37.4459,-8.7208,328.9,1,1,2023-08-06,2219,Terra,MODIS,100,61.03,297.7,25.5,N,0
37.4444,-8.7322,310,1,1,2023-08-06,2219,Terra,MODIS,36,61.03,295.4,7.1,N,0
39.7183,-8.6231,327.4,1.1,1,2023-08-06,2219,Terra,MODIS,100,61.03,298.4,27.1,N,0
40.6183,-7.6836,326.4,2,1.4,2023-08-07,0321,Aqua,MODIS,100,61.03,292,68.5,N,0
37.4025,-8.6949,315.4,2.1,1.4,2023-08-07,0322,Aqua,MODIS,87,61.03,294.3,34.8,N,0
37.4149,-8.6918,315.2,2.1,1.4,2023-08-07,0322,Aqua,MODIS,69,61.03,295.6,33.5,N,0
37.4346,-8.6613,328.5,2.1,1.4,2023-08-07,0322,Aqua,MODIS,100,61.03,297.5,71.3,N,0
37.4393,-8.6833,319.1,2.1,1.4,2023-08-07,0322,Aqua,MODIS,95,61.03,296.6,42.1,N,0
37.4167,-8.6866,318,2.1,1.4,2023-08-07,0322,Aqua,MODIS,76,61.03,295.6,39.1,N,0
37.4363,-8.656,322,2.1,1.4,2023-08-07,0322,Aqua,MODIS,100,61.03,296.3,51.3,N,0
37.4411,-8.6781,325.2,2.1,1.4,2023-08-07,0322,Aqua,MODIS,100,61.03,297.5,62,N,0
39.7304,-8.6386,311,1.8,1.3,2023-08-07,0322,Aqua,MODIS,82,61.03,294.6,26.2,N,0
37.4417,-8.681,387.3,3.5,1.8,2023-08-07,1019,Terra,MODIS,100,61.03,310.7,1049,D,0
37.4282,-8.7222,333.1,3.5,1.8,2023-08-07,1019,Terra,MODIS,71,61.03,307.5,124.5,D,0
37.4125,-8.7235,345.6,3.5,1.8,2023-08-07,1019,Terra,MODIS,91,61.03,306.3,242.4,D,0
37.4407,-8.7564,330.8,3.5,1.8,2023-08-07,1019,Terra,MODIS,32,61.03,304.3,87.9,D,0
37.3968,-8.725,359.2,3.5,1.8,2023-08-07,1019,Terra,MODIS,99,61.03,307,440,D,0
37.3947,-8.6855,340.9,3.5,1.8,2023-08-07,1019,Terra,MODIS,87,61.03,305.7,200.6,D,0
37.4103,-8.6833,336,3.5,1.8,2023-08-07,1019,Terra,MODIS,82,61.03,306.5,149.4,D,0
37.4387,-8.7159,360.4,3.5,1.8,2023-08-07,1019,Terra,MODIS,100,61.03,308.2,449.5,D,0
37.4367,-8.6749,390.1,3.5,1.8,2023-08-07,1019,Terra,MODIS,100,61.03,310.1,1130,D,0
37.4229,-8.716,334.2,3.5,1.8,2023-08-07,1019,Terra,MODIS,64,61.03,307.3,122.9,D,0
37.4073,-8.7182,374.9,3.5,1.8,2023-08-07,1019,Terra,MODIS,100,61.03,308.8,733.8,D,0
37.4054,-8.6789,341.6,3.5,1.8,2023-08-07,1019,Terra,MODIS,87,61.03,306.3,203.1,D,0
37.3916,-8.7189,332.9,3.5,1.8,2023-08-07,1019,Terra,MODIS,77,61.03,305.3,120.7,D,0
37.4462,-8.7615,336.1,3.5,1.8,2023-08-07,1019,Terra,MODIS,61,61.03,303.6,142.2,D,0
37.444,-8.7222,349.5,3.5,1.8,2023-08-07,1019,Terra,MODIS,93,61.03,306.4,280.5,D,0
37.4161,-8.7439,371.3,1.7,1.3,2023-08-07,1425,Aqua,MODIS,100,61.03,315.5,220.3,D,0
37.1887,-8.8626,326.2,1.7,1.3,2023-08-07,1425,Aqua,MODIS,48,61.03,304.8,28.3,D,0
37.1869,-8.8807,337.1,1.7,1.3,2023-08-07,1425,Aqua,MODIS,70,61.03,306.2,58.3,D,0
37.1881,-8.8695,341,1.7,1.3,2023-08-07,1425,Aqua,MODIS,85,61.03,305.4,72,D,0
37.1865,-8.8876,328.4,1.7,1.3,2023-08-07,1425,Aqua,MODIS,46,61.03,305,32.5,D,0
37.1995,-8.8708,374.1,1.7,1.3,2023-08-07,1425,Aqua,MODIS,94,61.03,308.3,251.5,D,0
37.1978,-8.8891,426.5,1.7,1.3,2023-08-07,1425,Aqua,MODIS,0,61.03,320.9,926.6,D,0
37.387,-8.6949,328.7,1.7,1.3,2023-08-07,1425,Aqua,MODIS,53,61.03,309.5,26.4,D,0
37.3851,-8.714,374.7,1.7,1.3,2023-08-07,1425,Aqua,MODIS,100,61.03,313.6,255.9,D,0
37.3833,-8.7325,391.9,1.7,1.3,2023-08-07,1425,Aqua,MODIS,100,61.03,314.5,418.2,D,0
37.3852,-8.702,344.2,1.7,1.3,2023-08-07,1425,Aqua,MODIS,87,61.03,309.8,75.3,D,0
37.3835,-8.7207,376.1,1.7,1.3,2023-08-07,1425,Aqua,MODIS,100,61.03,313.2,264.6,D,0
37.3818,-8.7394,347.2,1.7,1.3,2023-08-07,1425,Aqua,MODIS,90,61.03,309.6,85.7,D,0
37.4002,-8.6646,388.2,1.7,1.3,2023-08-07,1425,Aqua,MODIS,100,61.03,314.7,382.6,D,0
37.3985,-8.6835,390.9,1.7,1.3,2023-08-07,1425,Aqua,MODIS,100,61.03,318.5,407.4,D,0
37.3967,-8.7028,356,1.7,1.3,2023-08-07,1425,Aqua,MODIS,97,61.03,312.7,123.5,D,0
37.395,-8.7218,375.2,1.7,1.3,2023-08-07,1425,Aqua,MODIS,100,61.03,314.5,252.5,D,0
37.3932,-8.7408,382.1,1.7,1.3,2023-08-07,1425,Aqua,MODIS,100,61.03,315,314.8,D,0
37.4116,-8.6671,356.2,1.7,1.3,2023-08-07,1425,Aqua,MODIS,97,61.03,312.1,129.1,D,0
37.4099,-8.6858,393.3,1.7,1.3,2023-08-07,1425,Aqua,MODIS,100,61.03,317.5,431.9,D,0
37.4064,-8.7236,339,1.7,1.3,2023-08-07,1425,Aqua,MODIS,77,61.03,310.6,50.8,D,0
37.4047,-8.7425,351.4,1.7,1.3,2023-08-07,1425,Aqua,MODIS,94,61.03,310.8,97.6,D,0
37.4029,-8.7619,345.6,1.7,1.3,2023-08-07,1425,Aqua,MODIS,89,61.03,310.2,77.5,D,0
37.4178,-8.7254,355.1,1.7,1.3,2023-08-07,1425,Aqua,MODIS,96,61.03,312.8,116.3,D,0
37.4143,-8.7634,373.3,1.7,1.3,2023-08-07,1425,Aqua,MODIS,100,61.03,315.8,236.9,D,0
37.4125,-8.7821,332.2,1.7,1.3,2023-08-07,1425,Aqua,MODIS,49,61.03,308.3,31.2,D,0
37.4345,-8.6707,356,1.7,1.3,2023-08-07,1425,Aqua,MODIS,97,61.03,313.6,126.2,D,0
37.4328,-8.6895,344.1,1.7,1.3,2023-08-07,1425,Aqua,MODIS,87,61.03,313.1,65.3,D,0
37.4276,-8.7455,388,1.7,1.3,2023-08-07,1425,Aqua,MODIS,100,61.03,313.9,369.8,D,0
37.4258,-8.7646,431,1.7,1.3,2023-08-07,1425,Aqua,MODIS,100,61.03,325.8,1037.6,D,0
37.424,-8.7837,388.1,1.7,1.3,2023-08-07,1425,Aqua,MODIS,87,61.03,313.8,371.8,D,0
37.446,-8.6723,396.1,1.7,1.3,2023-08-07,1425,Aqua,MODIS,100,61.03,316.3,469.1,D,0
37.4443,-8.6908,431.3,1.7,1.3,2023-08-07,1425,Aqua,MODIS,100,61.03,329.6,1053.2,D,0
37.4425,-8.7096,343.4,1.7,1.3,2023-08-07,1425,Aqua,MODIS,82,61.03,313.5,65.3,D,0
37.439,-8.747,348.2,1.7,1.3,2023-08-07,1425,Aqua,MODIS,90,61.03,309.7,87.1,D,0
37.4372,-8.766,338.6,1.7,1.3,2023-08-07,1425,Aqua,MODIS,63,61.03,303.2,49.3,D,0
37.4575,-8.6737,334.7,1.7,1.3,2023-08-07,1425,Aqua,MODIS,56,61.03,309.6,37.4,D,0
37.4558,-8.6925,408.2,1.7,1.3,2023-08-07,1425,Aqua,MODIS,100,61.03,312.8,632.7,D,0
37.454,-8.7113,393.8,1.7,1.3,2023-08-07,1425,Aqua,MODIS,100,61.03,316.7,438.4,D,0
37.4522,-8.73,346,1.7,1.3,2023-08-07,1425,Aqua,MODIS,84,61.03,313.5,77.9,D,0
37.4504,-8.7489,346.7,1.7,1.3,2023-08-07,1425,Aqua,MODIS,86,61.03,312.3,83.1,D,0
37.4486,-8.7681,333.7,1.7,1.3,2023-08-07,1425,Aqua,MODIS,22,61.03,304.4,37.2,D,0
37.4654,-8.713,384.4,1.7,1.3,2023-08-07,1425,Aqua,MODIS,100,61.03,308.9,343.3,D,0
37.4636,-8.7319,396.9,1.7,1.3,2023-08-07,1425,Aqua,MODIS,100,61.03,317.7,479.2,D,0
37.4618,-8.7508,347.6,1.7,1.3,2023-08-07,1425,Aqua,MODIS,90,61.03,309.5,92.3,D,0
37.475,-8.7339,357.6,1.7,1.3,2023-08-07,1425,Aqua,MODIS,98,61.03,304.6,144,D,0
37.4637,-8.6989,341.4,1.7,1.3,2023-08-07,1425,Aqua,MODIS,84,61.03,305.3,63.2,D,0
37.462,-8.7178,376.8,1.7,1.3,2023-08-07,1425,Aqua,MODIS,100,61.03,313.8,271.4,D,0
37.4603,-8.7368,357.7,1.7,1.3,2023-08-07,1425,Aqua,MODIS,98,61.03,315.3,145.3,D,0
37.4586,-8.7558,331.1,1.7,1.3,2023-08-07,1425,Aqua,MODIS,53,61.03,309.1,40.2,D,0
37.4735,-8.72,372.4,1.7,1.3,2023-08-07,1425,Aqua,MODIS,100,61.03,305.7,239.4,D,0
37.4718,-8.7387,377.4,1.7,1.3,2023-08-07,1425,Aqua,MODIS,100,61.03,309.5,286,D,0
39.7309,-8.713,336.5,1.8,1.3,2023-08-07,1426,Aqua,MODIS,78,61.03,312.3,47.9,D,0
39.7493,-8.6871,333.1,1.8,1.3,2023-08-07,1426,Aqua,MODIS,71,61.03,316.5,34.8,D,0
41.0551,-8.1383,331.2,2.1,1.4,2023-08-07,1426,Aqua,MODIS,74,61.03,306.1,59.8,D,0
39.7201,-8.7467,343.5,1.8,1.3,2023-08-07,1426,Aqua,MODIS,86,61.03,314.8,77,D,0
39.7219,-8.7259,389.8,1.8,1.3,2023-08-07,1426,Aqua,MODIS,100,61.03,317.5,433.6,D,0
39.7291,-8.7339,362.6,1.8,1.3,2023-08-07,1426,Aqua,MODIS,100,61.03,315.8,183.5,D,0
39.7581,-8.6741,352.6,1.8,1.3,2023-08-07,1426,Aqua,MODIS,95,61.03,316.9,124.1,D,0
39.7563,-8.6951,371.7,1.8,1.3,2023-08-07,1426,Aqua,MODIS,100,61.03,320,255.6,D,0
41.0526,-8.1315,325.7,2.1,1.4,2023-08-07,1426,Aqua,MODIS,61,61.03,305.8,39.9,D,0
37.393,-8.6284,323,4.4,1.9,2023-08-07,2122,Terra,MODIS,100,61.03,293.9,157.6,N,0
37.3955,-8.6364,347.5,4.4,1.9,2023-08-07,2122,Terra,MODIS,100,61.03,294.8,458.3,N,0
37.381,-8.6751,379.3,4.4,1.9,2023-08-07,2122,Terra,MODIS,100,61.03,298.4,1261.8,N,0
37.3689,-8.7217,323.1,4.4,1.9,2023-08-07,2122,Terra,MODIS,100,61.03,293.4,157.4,N,0
37.4095,-8.6346,312.6,4.4,1.9,2023-08-07,2122,Terra,MODIS,48,61.03,293.4,73.8,N,0
37.3969,-8.6837,355.9,4.4,1.9,2023-08-07,2122,Terra,MODIS,100,61.03,295.5,616.8,N,0
37.3848,-8.7306,358.6,4.4,1.9,2023-08-07,2122,Terra,MODIS,100,61.03,295.3,677.8,N,0
37.3725,-8.7784,320.4,4.5,1.9,2023-08-07,2122,Terra,MODIS,100,61.03,290,119.5,N,0
37.4011,-8.7381,319.1,4.4,1.9,2023-08-07,2122,Terra,MODIS,93,61.03,291.7,114.6,N,0
37.389,-8.7853,314.2,4.5,1.9,2023-08-07,2122,Terra,MODIS,57,61.03,290.7,72.3,N,0
39.7538,-8.6815,305.7,3.8,1.8,2023-08-07,2122,Terra,MODIS,65,61.03,294.9,32.9,N,0
37.467,-8.7254,308.9,4.4,1.9,2023-08-07,2122,Terra,MODIS,24,61.03,289.8,64.3,N,0
37.4645,-8.7194,311,4.4,1.9,2023-08-07,2122,Terra,MODIS,44,61.03,290,75.8,N,0
37.3742,-8.7862,318.7,4.5,1.9,2023-08-07,2122,Terra,MODIS,94,61.03,289.6,110.4,N,0
37.3867,-8.7388,353.1,4.4,1.9,2023-08-07,2122,Terra,MODIS,100,61.03,294.6,562.8,N,0
37.399,-8.6919,345.3,4.4,1.9,2023-08-07,2122,Terra,MODIS,100,61.03,294.7,424.8,N,0
37.3707,-8.7306,324.2,4.4,1.9,2023-08-07,2122,Terra,MODIS,100,61.03,293.4,158.6,N,0
37.3831,-8.6836,381.8,4.4,1.9,2023-08-07,2122,Terra,MODIS,100,61.03,298.6,1341.8,N,0
41.373,-8.6783,307.9,3.4,1.7,2023-08-07,2123,Terra,MODIS,73,61.03,296.1,41.5,N,0
41.3825,-8.6402,306,3.3,1.7,2023-08-07,2123,Terra,MODIS,67,61.03,296,33.7,N,0
37.4676,-8.6956,325.6,3.9,1.8,2023-08-07,2259,Terra,MODIS,100,61.03,294.5,155.7,N,0
37.3838,-8.7331,328.4,3.8,1.8,2023-08-07,2259,Terra,MODIS,100,61.03,295.4,174.8,N,0
37.382,-8.7752,311.5,3.8,1.8,2023-08-07,2259,Terra,MODIS,75,61.03,293.6,63.1,N,0
37.4038,-8.6492,307.6,3.9,1.8,2023-08-07,2259,Terra,MODIS,55,61.03,294.2,43.3,N,0
37.402,-8.6903,314.6,3.9,1.8,2023-08-07,2259,Terra,MODIS,86,61.03,294.4,79.2,N,0
37.4002,-8.7332,322,3.8,1.8,2023-08-07,2259,Terra,MODIS,100,61.03,294.2,123.9,N,0
37.3983,-8.7765,323,3.8,1.8,2023-08-07,2259,Terra,MODIS,100,61.03,293.3,134.1,N,0
37.3856,-8.6905,345.7,3.9,1.8,2023-08-07,2259,Terra,MODIS,100,61.03,297.3,365.6,N,0
37.3874,-8.6471,313.6,3.9,1.8,2023-08-07,2259,Terra,MODIS,83,61.03,294.9,72.4,N,0
37.3913,-8.7708,334.8,3.8,1.8,2023-08-07,2259,Terra,MODIS,100,61.03,294.7,235.1,N,0
37.3934,-8.7277,335.9,3.8,1.8,2023-08-07,2259,Terra,MODIS,100,61.03,295.6,239.4,N,0
37.3955,-8.685,337.7,3.9,1.8,2023-08-07,2259,Terra,MODIS,100,61.03,295.8,264.3,N,0
37.3974,-8.6435,309.5,3.9,1.8,2023-08-07,2259,Terra,MODIS,56,61.03,294.5,47.5,N,0
37.3769,-8.7279,314.9,3.8,1.8,2023-08-07,2259,Terra,MODIS,51,61.03,294,73.7,N,0
37.379,-8.6853,333.7,3.9,1.8,2023-08-07,2259,Terra,MODIS,100,61.03,296,221.9,N,0
37.4579,-8.7018,312.8,3.9,1.8,2023-08-07,2300,Terra,MODIS,80,61.03,293.9,71.4,N,0
37.482,-8.7396,326,3.8,1.8,2023-08-07,2300,Terra,MODIS,100,61.03,293.8,158,N,0
37.4743,-8.7035,316.4,3.9,1.8,2023-08-07,2300,Terra,MODIS,91,61.03,293.9,93,N,0
37.4907,-8.7048,314.8,3.9,1.8,2023-08-07,2300,Terra,MODIS,86,61.03,293.1,83.3,N,0
37.4889,-8.7468,335.6,3.8,1.8,2023-08-07,2300,Terra,MODIS,100,61.03,293.5,247.1,N,0
41.378,-8.6877,307.2,4.2,1.9,2023-08-07,2301,Terra,MODIS,52,61.03,295.2,56.5,N,0
41.7129,-8.466,314,1.9,1.4,2023-08-08,0225,Aqua,MODIS,88,61.03,295.3,30.8,N,0
41.3792,-8.6591,304.4,2,1.4,2023-08-08,0225,Aqua,MODIS,60,61.03,294.2,15.6,N,0
41.3915,-8.6577,311.5,2,1.4,2023-08-08,0225,Aqua,MODIS,83,61.03,294.9,28.3,N,0
37.3915,-8.6879,357.8,1.8,1.3,2023-08-08,0226,Aqua,MODIS,100,61.03,296.9,180.3,N,0
37.3855,-8.7494,319.3,1.8,1.3,2023-08-08,0226,Aqua,MODIS,98,61.03,292,38.4,N,0
37.3896,-8.6678,314.1,1.8,1.3,2023-08-08,0226,Aqua,MODIS,80,61.03,286.9,25.3,N,0
37.3934,-8.7079,330.1,1.8,1.3,2023-08-08,0226,Aqua,MODIS,100,61.03,294,61.2,N,0
37.4988,-8.7272,303.1,1.8,1.3,2023-08-08,0226,Aqua,MODIS,17,61.03,291.7,11.6,N,0
37.4871,-8.7289,311.3,1.8,1.3,2023-08-08,0226,Aqua,MODIS,69,61.03,292.6,23.2,N,0
37.4717,-8.6905,308.1,1.8,1.3,2023-08-08,0226,Aqua,MODIS,39,61.03,293.1,17.1,N,0
37.4698,-8.6704,313,1.8,1.3,2023-08-08,0226,Aqua,MODIS,86,61.03,292.1,25.9,N,0
37.4582,-8.672,304,1.8,1.3,2023-08-08,0226,Aqua,MODIS,40,61.03,290,11.8,N,0
37.4013,-8.6667,328.3,1.8,1.3,2023-08-08,0226,Aqua,MODIS,100,61.03,290.3,59.4,N,0
37.3971,-8.7478,309.6,1.8,1.3,2023-08-08,0226,Aqua,MODIS,78,61.03,292.5,20.6,N,0
37.3953,-8.7282,345.7,1.8,1.3,2023-08-08,0226,Aqua,MODIS,100,61.03,294.2,121.9,N,0
37.3798,-8.6887,319,1.8,1.3,2023-08-08,0226,Aqua,MODIS,98,61.03,293.1,35.2,N,0
37.3816,-8.7087,324.6,1.8,1.3,2023-08-08,0226,Aqua,MODIS,100,61.03,292.8,47.1,N,0
37.3836,-8.7294,325.1,1.8,1.3,2023-08-08,0226,Aqua,MODIS,100,61.03,293.3,50.4,N,0
41.3814,-8.6563,332.6,1.1,1,2023-08-08,1059,Terra,MODIS,79,61.03,308.4,26.2,D,0
41.0627,-8.1266,345.9,1,1,2023-08-08,1059,Terra,MODIS,91,61.03,310.3,46.3,D,0
41.0611,-8.1145,331.7,1,1,2023-08-08,1059,Terra,MODIS,76,61.03,306.1,22.3,D,0
37.4159,-8.7043,323,1,1,2023-08-08,1100,Terra,MODIS,62,61.03,305.8,6.9,D,0
37.3835,-8.7343,329.9,1,1,2023-08-08,1100,Terra,MODIS,79,61.03,303.6,16.4,D,0
37.3804,-8.7119,339.8,1,1,2023-08-08,1100,Terra,MODIS,88,61.03,303.1,32.3,D,0
37.3789,-8.7007,330.6,1,1,2023-08-08,1100,Terra,MODIS,76,61.03,303,18.1,D,0
37.3877,-8.6988,331.5,1,1,2023-08-08,1100,Terra,MODIS,76,61.03,303.7,18.3,D,0
37.3862,-8.6877,329.8,1,1,2023-08-08,1100,Terra,MODIS,66,61.03,302.5,16.1,D,0
37.3663,-8.7355,326.7,2.2,1.4,2023-08-08,1329,Aqua,MODIS,48,61.03,301.1,41.2,D,0
37.3733,-8.7646,336.6,2.2,1.4,2023-08-08,1329,Aqua,MODIS,80,61.03,303.4,79.8,D,0
37.3908,-8.7452,331.7,2.2,1.4,2023-08-08,1329,Aqua,MODIS,72,61.03,305.1,52.1,D,0
37.3858,-8.7688,335.6,2.2,1.4,2023-08-08,1329,Aqua,MODIS,79,61.03,304.8,72.4,D,0
37.3783,-8.7478,342.6,2.2,1.4,2023-08-08,1329,Aqua,MODIS,87,61.03,304,102.9,D,0
37.3729,-8.7719,328.7,2.2,1.4,2023-08-08,1329,Aqua,MODIS,63,61.03,303.3,40.9,D,0
37.3906,-8.7522,335,2.2,1.4,2023-08-08,1329,Aqua,MODIS,77,61.03,305.3,64.3,D,0
37.3854,-8.776,325.8,2.2,1.4,2023-08-08,1329,Aqua,MODIS,40,61.03,304.6,29.8,D,0
37.3715,-8.7114,381.7,2.2,1.4,2023-08-08,1329,Aqua,MODIS,100,61.03,303.6,464.3,D,0
37.3888,-8.6929,325.6,2.2,1.4,2023-08-08,1329,Aqua,MODIS,20,61.03,304.1,33.2,D,0
37.3837,-8.7164,327.9,2.2,1.4,2023-08-08,1329,Aqua,MODIS,55,61.03,302.7,38.5,D,0
37.3785,-8.7405,342.3,2.2,1.4,2023-08-08,1329,Aqua,MODIS,87,61.03,303,106.2,D,0
41.6277,-8.2721,303.3,1,1,2023-08-08,2203,Terra,MODIS,55,61.03,292,5.3,N,0
41.3846,-8.6538,309.6,1,1,2023-08-08,2203,Terra,MODIS,78,61.03,293.6,10,N,0
41.6259,-8.2842,302.5,1,1,2023-08-08,2203,Terra,MODIS,50,61.03,292.4,4.9,N,0
41.6458,-6.602,325.9,2.1,1.4,2023-08-10,1316,Aqua,MODIS,66,61.03,309.4,33.6,D,0
41.6508,-6.5794,339.7,2.1,1.4,2023-08-10,1316,Aqua,MODIS,86,61.03,307.8,88.6,D,0
41.6493,-6.5823,306.3,1.2,1.1,2023-08-10,2147,Terra,MODIS,67,61.03,292.9,7.8,N,0
41.6422,-6.5657,305.2,1.2,1.1,2023-08-10,2147,Terra,MODIS,63,61.03,293.5,6.9,N,0
41.6516,-6.5686,327.4,1.2,1.1,2023-08-10,2147,Terra,MODIS,100,61.03,294.2,31.6,N,0
41.2532,-8.1519,373.6,1,1,2023-08-11,1358,Aqua,MODIS,100,61.03,310.5,117.1,D,0
41.2548,-8.1402,342.4,1,1,2023-08-11,1358,Aqua,MODIS,88,61.03,302.8,35.3,D,0
40.5698,-7.6363,301,2.3,1.5,2023-08-12,2130,Terra,MODIS,36,61.03,290,16,N,0
41.2777,-8.4276,319.3,1.2,1.1,2023-08-13,1343,Aqua,MODIS,29,61.03,303.9,11,D,0
41.3019,-7.3501,303.4,3.7,1.8,2023-08-14,2114,Terra,MODIS,55,61.03,291.1,35.7,N,0
41.3207,-7.3189,313.3,3.7,1.8,2023-08-14,2114,Terra,MODIS,87,61.03,291.5,79.1,N,0
41.3131,-7.3064,322.9,3.7,1.8,2023-08-14,2114,Terra,MODIS,100,61.03,291.6,137.9,N,0
41.3066,-7.3077,313.4,3.7,1.8,2023-08-14,2114,Terra,MODIS,87,61.03,290.8,81,N,0
41.6897,-8.2084,312,1.1,1.1,2023-08-16,0305,Aqua,MODIS,84,61.03,287.6,15,N,0
38.8512,-9.2081,307.6,1.1,1.1,2023-08-16,0306,Aqua,MODIS,72,61.03,289,10.9,N,0
38.8534,-9.2209,339.8,1.1,1.1,2023-08-16,0306,Aqua,MODIS,100,61.03,290,52.7,N,0
39.7197,-8.6896,363.6,1.1,1.1,2023-08-16,1410,Aqua,MODIS,100,61.03,304.4,103,D,0
39.7291,-8.6916,326.8,1.1,1.1,2023-08-16,1410,Aqua,MODIS,67,61.03,304.3,16.3,D,0
39.7357,-8.671,301,1.1,1,2023-08-18,2218,Terra,MODIS,37,61.03,290.9,4.6,N,0
41.1636,-7.9193,361.3,1.9,1.3,2023-08-21,1423,Aqua,MODIS,100,61.03,307.2,191.9,D,0
41.1617,-7.9409,327.6,1.9,1.3,2023-08-21,1423,Aqua,MODIS,63,61.03,306.6,32.9,D,0
41.1887,-7.9087,309.8,2.6,1.5,2023-08-21,2243,Terra,MODIS,78,61.03,292.2,33.1,N,0
41.1825,-7.9013,310.4,2.6,1.5,2023-08-21,2243,Terra,MODIS,80,61.03,292.3,34.4,N,0
41.1904,-7.8793,308.5,2.6,1.5,2023-08-21,2243,Terra,MODIS,75,61.03,292,28.9,N,0
41.2929,-7.3132,307.6,2.8,1.6,2023-08-21,2243,Terra,MODIS,72,61.03,292.8,26.3,N,0
41.2912,-7.3427,322.5,2.8,1.6,2023-08-21,2243,Terra,MODIS,100,61.03,294,81.5,N,0
41.2961,-7.3195,308.2,2.8,1.6,2023-08-21,2243,Terra,MODIS,74,61.03,293.1,26.3,N,0
41.2946,-7.349,309.5,2.8,1.6,2023-08-21,2243,Terra,MODIS,77,61.03,293.9,30.3,N,0
41.2042,-7.9098,319.9,2,1.4,2023-08-22,0222,Aqua,MODIS,99,61.03,293.3,46.5,N,0
41.2021,-7.8838,353.4,2,1.4,2023-08-22,0222,Aqua,MODIS,100,61.03,296.2,192.9,N,0
41.1899,-7.8875,316.8,2,1.4,2023-08-22,0222,Aqua,MODIS,94,61.03,293.4,38.8,N,0
41.1867,-7.894,305.6,2,1.4,2023-08-22,0222,Aqua,MODIS,65,61.03,292.7,15.2,N,0
41.2044,-7.8958,325.3,1.5,1.2,2023-08-22,1041,Terra,MODIS,48,61.03,308.4,18.6,D,0
41.194,-7.8993,325.7,1.5,1.2,2023-08-22,1041,Terra,MODIS,43,61.03,309.3,19.4,D,0
39.796,-8.6427,335.4,1.1,1,2023-08-23,1408,Aqua,MODIS,77,61.03,312.4,22.6,D,0
39.8053,-8.6446,369,1.1,1,2023-08-23,1408,Aqua,MODIS,100,61.03,315.4,111,D,0
39.8068,-8.6321,363.9,1.1,1,2023-08-23,1408,Aqua,MODIS,100,61.03,311.2,93.1,D,0
39.7975,-8.6303,335.4,1.1,1,2023-08-23,1408,Aqua,MODIS,77,61.03,311.6,22.6,D,0
40.5337,-7.8422,367,1.2,1.1,2023-08-23,1409,Aqua,MODIS,100,61.03,316.1,113.9,D,0
40.5021,-7.8278,368.6,1.2,1.1,2023-08-23,1409,Aqua,MODIS,100,61.03,317.3,118.3,D,0
40.5005,-7.8418,350.6,1.2,1.1,2023-08-23,1409,Aqua,MODIS,93,61.03,315.8,56.5,D,0
40.5117,-7.8302,374,1.2,1.1,2023-08-23,1409,Aqua,MODIS,100,61.03,318.5,141.2,D,0
40.5101,-7.8442,354.7,1.2,1.1,2023-08-23,1409,Aqua,MODIS,96,61.03,318.5,66.9,D,0
40.523,-7.8183,349.3,1.2,1.1,2023-08-23,1409,Aqua,MODIS,92,61.03,310.2,52.1,D,0
40.5213,-7.8323,413.5,1.2,1.1,2023-08-23,1409,Aqua,MODIS,100,61.03,325.2,415.5,D,0
40.5197,-7.8464,384.3,1.2,1.1,2023-08-23,1409,Aqua,MODIS,100,61.03,320.8,193.5,D,0
40.5257,-7.8259,381.1,1.2,1.1,2023-08-23,1409,Aqua,MODIS,100,61.03,316.5,178.6,D,0
40.524,-7.8401,400.5,1.2,1.1,2023-08-23,1409,Aqua,MODIS,100,61.03,327.4,305.2,D,0
40.5353,-7.8282,354.8,1.2,1.1,2023-08-23,1409,Aqua,MODIS,96,61.03,309.5,70.7,D,0
40.7475,-8.2788,327.8,1.1,1.1,2023-08-23,1409,Aqua,MODIS,56,61.03,306.4,17.8,D,0
41.8536,-8.1989,324,1.2,1.1,2023-08-23,1409,Aqua,MODIS,64,61.03,304,13,D,0
41.852,-8.2124,336.2,1.2,1.1,2023-08-23,1409,Aqua,MODIS,83,61.03,305.7,33,D,0
41.8551,-8.2042,331.5,1.2,1.1,2023-08-23,1409,Aqua,MODIS,74,61.03,304.6,25.8,D,0
41.8536,-8.2176,322.2,1.2,1.1,2023-08-23,1409,Aqua,MODIS,52,61.03,305.4,11.6,D,0
39.726,-8.5281,363.9,1.3,1.1,2023-08-23,2226,Terra,MODIS,100,61.03,300.5,142.9,N,0
39.7258,-8.5183,335.1,1.3,1.1,2023-08-23,2226,Terra,MODIS,100,61.03,296.7,50.5,N,0
39.7243,-8.5336,348.8,1.3,1.1,2023-08-23,2226,Terra,MODIS,100,61.03,299.1,86.7,N,0
40.5344,-7.813,321.5,1.5,1.2,2023-08-23,2226,Terra,MODIS,100,61.03,295,31.3,N,0
39.7243,-8.5432,345.7,1.3,1.1,2023-08-23,2226,Terra,MODIS,100,61.03,296.8,77.9,N,0
40.536,-7.7963,308,1.5,1.2,2023-08-23,2226,Terra,MODIS,73,61.03,293.9,11.9,N,0
40.5376,-7.7794,317.9,1.5,1.2,2023-08-23,2226,Terra,MODIS,96,61.03,293.7,25.8,N,0
40.5287,-7.8233,308,1.5,1.2,2023-08-23,2226,Terra,MODIS,73,61.03,294.5,11.1,N,0
40.5304,-7.8067,311.3,1.5,1.2,2023-08-23,2226,Terra,MODIS,82,61.03,294.9,15,N,0
40.532,-7.79,316.9,1.5,1.2,2023-08-23,2226,Terra,MODIS,94,61.03,294,22.5,N,0
40.5337,-7.7729,311.6,1.5,1.2,2023-08-23,2226,Terra,MODIS,83,61.03,293.8,16.1,N,0
39.7428,-8.5525,308.2,1.3,1.1,2023-08-23,2226,Terra,MODIS,72,61.03,292.9,11.2,N,0
39.7276,-8.5128,321.1,1.3,1.1,2023-08-23,2226,Terra,MODIS,100,61.03,295.4,26.3,N,0
39.7444,-8.5372,305.2,1.3,1.1,2023-08-23,2226,Terra,MODIS,42,61.03,293,8.3,N,0
39.7328,-8.5507,350.2,1.3,1.1,2023-08-23,2226,Terra,MODIS,100,61.03,296.3,90.4,N,0
39.7343,-8.5355,365.4,1.3,1.1,2023-08-23,2226,Terra,MODIS,100,61.03,301.8,148.2,N,0
39.7359,-8.5203,315,1.3,1.1,2023-08-23,2226,Terra,MODIS,45,61.03,293.3,17.2,N,0
39.7227,-8.5487,309.7,1.3,1.1,2023-08-23,2226,Terra,MODIS,52,61.03,293,11.6,N,0
41.2774,-6.7878,324.9,2.5,1.5,2023-08-24,1313,Aqua,MODIS,23,61.03,307,31.8,D,0
41.2971,-6.7647,369.2,2.5,1.5,2023-08-24,1313,Aqua,MODIS,100,61.03,300.9,375,D,0
41.2904,-6.793,396.1,2.5,1.5,2023-08-24,1313,Aqua,MODIS,100,61.03,306.1,817.5,D,0
40.1227,-7.416,404.3,1,1,2023-08-25,1106,Terra,MODIS,100,61.03,305.6,286.3,D,0
40.1208,-7.4039,420.6,1,1,2023-08-25,1106,Terra,MODIS,100,61.03,312.2,415.3,D,0
40.1137,-7.4179,338.3,1,1,2023-08-25,1106,Terra,MODIS,86,61.03,302.5,29.6,D,0
40.1118,-7.4059,342,1,1,2023-08-25,1106,Terra,MODIS,89,61.03,304.6,35.2,D,0
40.8417,-7.3024,323.8,1,1,2023-08-25,1354,Aqua,MODIS,28,61.03,307,6.7,D,0
40.8401,-7.3141,342.2,1,1,2023-08-25,1354,Aqua,MODIS,89,61.03,310.3,32.8,D,0
40.8502,-7.31,385.3,1,1,2023-08-25,1354,Aqua,MODIS,100,61.03,312.8,162.7,D,0
40.8485,-7.3217,344.8,1,1,2023-08-25,1354,Aqua,MODIS,91,61.03,311.3,38,D,0
41.876,-7.6871,308.7,3.1,1.7,2023-08-26,1146,Terra,MODIS,46,61.03,290.9,35.8,D,0
40.8807,-7.7902,330.2,1.2,1.1,2023-08-27,1049,Terra,MODIS,73,61.03,295.4,28.4,D,0
40.9028,-7.8128,377.3,1.2,1.1,2023-08-27,1049,Terra,MODIS,100,61.03,295.6,169.1,D,0
40.9012,-7.7994,383.9,1.2,1.1,2023-08-27,1049,Terra,MODIS,100,61.03,301.7,201.9,D,0
40.8933,-7.8147,322.1,1.2,1.1,2023-08-27,1049,Terra,MODIS,69,61.03,288,18.6,D,0
40.8917,-7.8015,320,1.2,1.1,2023-08-27,1049,Terra,MODIS,53,61.03,293.6,15.3,D,0
38.8021,-9.3352,318.4,1.4,1.2,2023-08-27,2153,Terra,MODIS,97,61.03,287.6,30.4,N,2
37.3134,-8.528,356.8,1.4,1.2,2023-08-28,1420,Aqua,MODIS,98,61.03,306.3,113.2,D,0
37.3047,-8.5084,336.3,1.4,1.2,2023-08-28,1420,Aqua,MODIS,81,61.03,307,43.2,D,0
37.3029,-8.5254,327.4,1.4,1.2,2023-08-28,1420,Aqua,MODIS,64,61.03,306,23.3,D,0
37.3151,-8.5116,377.7,1.4,1.2,2023-08-28,1420,Aqua,MODIS,100,61.03,307.5,224.8,D,0
41.7448,-7.1336,300.4,2.2,1.4,2023-08-28,2235,Terra,MODIS,26,61.03,286.7,16.2,N,0
41.7932,-8.3612,307.2,1.8,1.3,2023-08-28,2235,Terra,MODIS,71,61.03,287.5,21.5,N,0
41.7812,-8.3617,319.3,1.8,1.3,2023-08-28,2235,Terra,MODIS,98,61.03,287.3,44.8,N,0
41.7449,-7.1265,301.6,2.2,1.4,2023-08-28,2235,Terra,MODIS,43,61.03,286.9,17.1,N,0
41.6961,-7.7556,309.8,1.2,1.1,2023-08-30,2218,Terra,MODIS,78,61.03,286.4,14.9,N,0
41.6946,-7.7698,321.2,1.2,1.1,2023-08-30,2218,Terra,MODIS,100,61.03,286.7,27.3,N,0
40.976,-7.8448,314.3,1,1,2023-09-01,2201,Terra,MODIS,89,61.03,281,16,N,0
40.9865,-7.8354,316.7,1,1,2023-09-01,2201,Terra,MODIS,94,61.03,281.2,17.6,N,0
40.9848,-7.8471,349.4,1,1,2023-09-01,2201,Terra,MODIS,100,61.03,281.9,65.2,N,0
41.7404,-8.6105,303.1,2.3,1.5,2023-09-02,2242,Terra,MODIS,53,61.03,285.8,23.7,N,0
37.4018,-7.7022,322,1,1,2023-09-13,1057,Terra,MODIS,44,61.03,305.8,6.8,D,0
40.1927,-7.4787,310.4,1.2,1.1,2023-09-23,1111,Terra,MODIS,62,61.03,297.8,7.9,D,0
37.3826,-7.6982,314.2,1.3,1.1,2023-09-23,1112,Terra,MODIS,50,61.03,302.4,7.2,D,0
41.0295,-8.078,312.5,1.1,1,2023-09-25,1054,Terra,MODIS,62,61.03,296,9,D,0
41.0279,-8.0661,309.8,1,1,2023-09-25,1054,Terra,MODIS,54,61.03,296.6,7,D,0
40.9908,-8.0493,307,1.6,1.2,2023-09-27,1038,Terra,MODIS,35,61.03,288,10.5,D,0
40.9797,-8.0503,311.5,1.6,1.2,2023-09-27,1038,Terra,MODIS,63,61.03,289.8,16.5,D,0
40.9769,-8.0617,333.4,1,1,2023-09-27,1358,Aqua,MODIS,87,61.03,288.5,32.3,D,0
40.0607,-8.879,314.9,1.2,1.1,2023-09-28,1119,Terra,MODIS,0,61.03,297.6,10.6,D,0
40.0485,-8.8679,312.1,1.2,1.1,2023-09-28,1119,Terra,MODIS,20,61.03,297.7,7.3,D,2
41.6333,-7.3364,324.5,1.1,1,2023-09-29,1344,Aqua,MODIS,77,61.03,302.8,17.4,D,0
40.1883,-7.4919,318.3,1.2,1.1,2023-09-29,1344,Aqua,MODIS,67,61.03,305.1,10.7,D,0
40.1854,-7.4856,334.1,1.2,1.1,2023-09-29,1344,Aqua,MODIS,85,61.03,305.2,31.3,D,0
40.7667,-7.8399,319,1.8,1.3,2023-10-01,1329,Aqua,MODIS,64,61.03,302.3,24.6,D,0
40.7594,-7.8302,314.7,1.8,1.3,2023-10-01,1329,Aqua,MODIS,37,61.03,302.1,16.5,D,0
40.049,-8.5849,311.1,1,1,2023-10-04,1356,Aqua,MODIS,53,61.03,300.1,5.7,D,0
40.1938,-7.487,318.5,1.1,1.1,2023-10-05,1109,Terra,MODIS,71,61.03,300.4,13.7,D,0
38.5562,-8.8192,325.4,1.1,1,2023-10-05,1110,Terra,MODIS,73,61.03,303.1,16.1,D,0
39.0225,-8.9956,317.6,1.1,1,2023-10-05,1110,Terra,MODIS,58,61.03,302.4,9.2,D,0
40.2666,-8.0681,301.2,1.1,1,2023-10-05,2214,Terra,MODIS,39,61.03,288.2,6,N,0
40.256,-8.0784,301.8,1.1,1,2023-10-05,2214,Terra,MODIS,45,61.03,288,6.4,N,0
40.2651,-8.0804,315.5,1.1,1,2023-10-05,2214,Terra,MODIS,91,61.03,287.7,16.8,N,0
32.7056,-17.0611,311.7,1.7,1.3,2023-10-06,1152,Terra,MODIS,46,61.03,299.2,13,D,0
41.2445,-8.1321,327.4,1.1,1,2023-10-07,1053,Terra,MODIS,81,61.03,301.1,22,D,0
41.2972,-8.5599,331.6,1.6,1.2,2023-10-07,1423,Aqua,MODIS,84,61.03,302.3,47.9,D,0
41.2954,-8.5789,328.9,1.6,1.2,2023-10-07,1423,Aqua,MODIS,82,61.03,302.2,41.5,D,0
41.4933,-8.1043,319.4,1,1,2023-10-07,2157,Terra,MODIS,99,61.03,290.1,18.3,N,0
41.4952,-8.0922,340.8,1,1,2023-10-07,2157,Terra,MODIS,100,61.03,293.6,48,N,0
41.4527,-8.0764,328.1,2.3,1.5,2023-10-08,0221,Aqua,MODIS,100,61.03,290.3,92.1,N,0
41.4567,-8.0841,310.5,2.3,1.5,2023-10-08,0221,Aqua,MODIS,80,61.03,290.6,35.5,N,0
41.4436,-8.086,311.8,2.3,1.5,2023-10-08,0221,Aqua,MODIS,83,61.03,290.4,38.7,N,0
41.5605,-7.929,316.7,1.6,1.3,2023-10-09,1036,Terra,MODIS,68,61.03,300.8,20.1,D,0
32.7138,-17.1183,308,2.1,1.4,2023-10-09,2317,Terra,MODIS,58,61.03,291.9,23,N,0
32.7122,-17.1374,313.1,2.1,1.4,2023-10-09,2317,Terra,MODIS,81,61.03,293,33.5,N,0
32.7262,-17.1218,310.1,2.1,1.4,2023-10-09,2317,Terra,MODIS,69,61.03,291.9,28.3,N,0
32.7316,-17.1121,305,1.7,1.3,2023-10-10,0347,Aqua,MODIS,13,61.03,291.8,13.5,N,0
32.7464,-17.1279,328.5,1.7,1.3,2023-10-10,0347,Aqua,MODIS,100,61.03,292.9,57.7,N,0
32.7432,-17.1116,331.9,1.7,1.3,2023-10-10,0347,Aqua,MODIS,100,61.03,292,66.9,N,0
32.7349,-17.1286,308.5,1.7,1.3,2023-10-10,0347,Aqua,MODIS,61,61.03,292.2,18.7,N,0
32.7099,-17.061,309.1,1.7,1.3,2023-10-10,0347,Aqua,MODIS,64,61.03,292.7,19.4,N,0
32.7324,-17.1291,322.4,1.1,1.1,2023-10-10,1119,Terra,MODIS,69,61.03,299.2,16.3,D,0
32.7525,-17.1368,333.4,1.1,1.1,2023-10-10,1119,Terra,MODIS,85,61.03,296.9,34,D,0
32.7509,-17.1243,363.5,1.1,1.1,2023-10-10,1119,Terra,MODIS,100,61.03,302.3,109.3,D,0
32.7494,-17.1121,327,1.1,1.1,2023-10-10,1119,Terra,MODIS,76,61.03,297.7,23.9,D,0
32.7416,-17.1266,344.1,1.1,1.1,2023-10-10,1119,Terra,MODIS,92,61.03,300.6,54.3,D,0
32.7401,-17.1145,315.9,1.1,1.1,2023-10-10,1119,Terra,MODIS,26,61.03,297.5,9.7,D,0
32.7489,-17.1293,349.1,1,1,2023-10-10,1448,Aqua,MODIS,95,61.03,299.9,58.5,D,0
32.7295,-17.1358,336,1,1,2023-10-10,1448,Aqua,MODIS,83,61.03,298.7,31.2,D,0
32.7399,-17.1272,326.2,1,1,2023-10-10,1448,Aqua,MODIS,79,61.03,303.3,19.9,D,0
32.7385,-17.1377,323.1,1,1,2023-10-10,1448,Aqua,MODIS,57,61.03,296.2,15.5,D,0
32.7503,-17.1186,356.6,1,1,2023-10-10,1448,Aqua,MODIS,98,61.03,300,77.1,D,0
41.1327,-8.2558,311.7,1.3,1.1,2023-10-10,2221,Terra,MODIS,83,61.03,290.2,17,N,2
37.4481,-7.6749,320.4,1.1,1,2023-10-11,1352,Aqua,MODIS,61,61.03,309.2,4.8,D,0
39.0753,-8.9605,316.3,1.1,1.1,2023-10-11,1353,Aqua,MODIS,43,61.03,299.4,7.3,D,0
39.0775,-8.9479,317.6,1.1,1.1,2023-10-11,1353,Aqua,MODIS,54,61.03,299.3,8.8,D,0
39.0867,-8.9505,318.7,1.1,1.1,2023-10-11,1353,Aqua,MODIS,51,61.03,301.3,9.8,D,0
32.7565,-17.2076,368.3,1.1,1,2023-10-12,0332,Aqua,MODIS,100,61.03,294.4,122.4,N,0
32.7582,-17.2184,366.4,1.1,1,2023-10-12,0332,Aqua,MODIS,100,61.03,296.2,115.4,N,0
37.4539,-7.667,316.2,1,1,2023-10-12,1101,Terra,MODIS,49,61.03,304.3,4.7,D,0
37.4485,-7.5736,318.6,1,1,2023-10-12,1101,Terra,MODIS,60,61.03,304.4,7,D,0
32.7789,-17.2158,356.8,2,1.4,2023-10-12,1103,Terra,MODIS,0,61.03,280.2,213.2,D,0
32.782,-17.2068,325.9,2,1.4,2023-10-12,1103,Terra,MODIS,60,61.03,276.4,62.1,D,0
32.7526,-17.1993,349.4,2,1.4,2023-10-12,1103,Terra,MODIS,0,61.03,286,161.4,D,0
32.7647,-17.1964,340.8,2,1.4,2023-10-12,1103,Terra,MODIS,78,61.03,281.4,117.8,D,0
32.791,-17.2128,330.1,2,1.4,2023-10-12,1103,Terra,MODIS,63,61.03,274.9,77.5,D,0
32.8272,-17.2117,389.6,1.1,1,2023-10-12,1433,Aqua,MODIS,100,61.03,282.4,0,D,0
32.8441,-17.2109,371.4,1.1,1,2023-10-12,1433,Aqua,MODIS,100,61.03,280.6,0,D,0
32.8329,-17.2204,396,1.1,1,2023-10-12,1433,Aqua,MODIS,100,61.03,294.4,0,D,0
32.8349,-17.2083,391.8,1.1,1,2023-10-12,1433,Aqua,MODIS,100,61.03,291.5,0,D,0
32.8405,-17.1747,370.3,1.1,1,2023-10-12,1433,Aqua,MODIS,100,61.03,287.1,0,D,0
32.8052,-17.1711,328.1,1.1,1,2023-10-12,1433,Aqua,MODIS,54,61.03,271.2,20.3,D,0
32.8126,-17.184,359.2,1.1,1,2023-10-12,1433,Aqua,MODIS,86,61.03,278.7,88.2,D,0
32.8108,-17.1949,393.6,1.1,1,2023-10-12,1433,Aqua,MODIS,100,61.03,288.5,0,D,0
32.8089,-17.2069,376.1,1.1,1,2023-10-12,1433,Aqua,MODIS,100,61.03,282.2,0,D,0
32.8218,-17.1863,355.7,1.1,1,2023-10-12,1433,Aqua,MODIS,98,61.03,283,75.8,D,0
32.82,-17.1973,428.1,1.1,1,2023-10-12,1433,Aqua,MODIS,100,61.03,304.1,0,D,0
32.8181,-17.2091,401.7,1.1,1,2023-10-12,1433,Aqua,MODIS,100,61.03,291.4,0,D,0
32.8346,-17.1666,339.1,1.1,1,2023-10-12,1433,Aqua,MODIS,44,61.03,285,38.6,D,0
32.831,-17.1886,348.7,1.1,1,2023-10-12,1433,Aqua,MODIS,85,61.03,281.8,57.9,D,0
32.8292,-17.1998,403.3,1.1,1,2023-10-12,1433,Aqua,MODIS,100,61.03,287.5,0,D,0
40.9952,-7.8797,320.8,2.6,1.5,2023-10-12,1435,Aqua,MODIS,73,61.03,293.1,61.8,D,0
41.2309,-7.8472,304.9,1,1,2023-10-12,2205,Terra,MODIS,62,61.03,289.3,6.7,N,0
41.2326,-7.8356,309,1,1,2023-10-12,2205,Terra,MODIS,76,61.03,288.1,9.5,N,0
41.4733,-7.6349,304.9,1,1,2023-10-12,2205,Terra,MODIS,62,61.03,286.6,8,N,0
41.9849,-8.5463,334.5,1,1,2023-10-12,2205,Terra,MODIS,100,61.03,281.8,38.4,N,0
41.9832,-8.558,305.7,1,1,2023-10-12,2205,Terra,MODIS,61,61.03,276.9,9.7,N,0
32.7101,-16.9956,323.9,1.7,1.3,2023-10-14,1418,Aqua,MODIS,77,61.03,291.6,38.7,D,0
32.7063,-17.0149,312,1.7,1.3,2023-10-14,1418,Aqua,MODIS,37,61.03,293.2,14.8,D,0
38.9542,-7.6843,306.4,1.1,1,2023-10-18,1350,Aqua,MODIS,49,61.03,293,5.6,D,0
39.2729,-8.6429,303.8,1.2,1.1,2023-11-03,1113,Terra,MODIS,50,61.03,288.1,7,D,0
37.1476,-8.7207,311,1.1,1.1,2023-11-06,1354,Aqua,MODIS,51,61.03,291,10.4,D,0
37.6521,-8.1964,306.1,1.1,1,2023-11-06,1354,Aqua,MODIS,63,61.03,290,6.8,D,0
38.5947,-9.1707,300.7,1.1,1.1,2023-11-06,1355,Aqua,MODIS,38,61.03,289.6,4.1,D,2
38.1948,-7.4152,301.5,1.4,1.2,2023-11-08,1340,Aqua,MODIS,48,61.03,285.4,7.6,D,0
38.5384,-7.9249,300,1.1,1,2023-11-10,1103,Terra,MODIS,8,61.03,286.3,3.6,D,0
38.5231,-7.8303,301.6,1.1,1,2023-11-10,1103,Terra,MODIS,39,61.03,287.5,3.8,D,0
38.514,-7.8326,305.5,1.1,1,2023-11-10,1103,Terra,MODIS,58,61.03,287.3,6.5,D,0
38.4354,-7.5728,306,1.1,1,2023-11-10,1103,Terra,MODIS,62,61.03,285.9,7.3,D,0
37.1417,-8.2115,309.3,1.2,1.1,2023-11-13,1351,Aqua,MODIS,64,61.03,296.5,8,D,0
38.5443,-7.8564,304.2,1.1,1.1,2023-11-13,1351,Aqua,MODIS,52,61.03,284.2,7.5,D,0
38.8365,-7.6582,306.8,1.1,1,2023-11-13,1351,Aqua,MODIS,62,61.03,294,6.3,D,0
37.458,-8.7694,303.8,1.1,1.1,2023-11-16,1417,Aqua,MODIS,36,61.03,293.2,3.8,D,0
37.1173,-7.735,303.6,1,1,2023-11-17,1054,Terra,MODIS,52,61.03,293.6,3.5,D,0
37.1156,-7.724,304.8,1,1,2023-11-17,1054,Terra,MODIS,56,61.03,293.1,4.2,D,0
40.9759,-8.0747,306.8,1,1,2023-11-22,1100,Terra,MODIS,64,61.03,285.9,9.7,D,0
37.5777,-8.753,306.8,1,1,2023-11-22,1101,Terra,MODIS,64,61.03,288.3,8,D,0
37.5689,-8.7551,335.5,1,1,2023-11-22,1101,Terra,MODIS,90,61.03,288.8,37,D,0
37.5672,-8.7439,325.4,1,1,2023-11-22,1101,Terra,MODIS,84,61.03,288.4,23.9,D,0
40.9807,-8.0804,305.2,1.8,1.3,2023-11-22,1333,Aqua,MODIS,61,61.03,282.3,20.2,D,0
41.2938,-7.938,301.9,1.7,1.3,2023-11-22,1333,Aqua,MODIS,50,61.03,284.4,15,D,0
37.9267,-8.0407,302.5,1.1,1.1,2023-11-23,1413,Aqua,MODIS,40,61.03,290.5,4.7,D,0
40.0388,-8.2674,306.1,1.2,1.1,2023-11-23,1414,Aqua,MODIS,63,61.03,284.2,10.5,D,0
41.9081,-8.3813,305,1.2,1.1,2023-11-23,1414,Aqua,MODIS,60,61.03,288.2,8.5,D,0
41.9097,-8.3874,302.8,1.2,1.1,2023-11-23,1414,Aqua,MODIS,54,61.03,288.3,7.5,D,0
40.9447,-8.0572,305.6,3,1.6,2023-11-24,1318,Aqua,MODIS,62,61.03,287.3,42.1,D,0
40.9352,-8.0961,304.6,3,1.6,2023-11-24,1318,Aqua,MODIS,59,61.03,287.3,39.4,D,0
40.9461,-8.0652,309.9,3,1.6,2023-11-24,1318,Aqua,MODIS,69,61.03,287.1,52.3,D,0
41.2378,-7.906,300.6,2.9,1.6,2023-11-24,1318,Aqua,MODIS,39,61.03,282.4,28,D,0
37.9502,-8.7997,300.7,1.2,1.1,2023-12-02,1354,Aqua,MODIS,40,61.03,289,5.9,D,2
38.1291,-8.3747,302.1,1.1,1.1,2023-12-12,1416,Aqua,MODIS,51,61.03,290.1,5.2,D,0
41.2531,-7.8996,316,1.4,1.2,2023-12-19,1117,Terra,MODIS,76,61.03,281,28.4,D,0
40.9685,-7.9968,306.9,1.4,1.2,2023-12-19,1117,Terra,MODIS,64,61.03,281.6,16.2,D,0
40.9629,-8.0034,308.2,1.4,1.2,2023-12-19,1117,Terra,MODIS,67,61.03,283.8,17.3,D,0
37.571,-8.7392,302.3,1.5,1.2,2023-12-19,1118,Terra,MODIS,52,61.03,285.2,12.2,D,0
41.2397,-7.9064,313.1,1.1,1.1,2023-12-19,1412,Aqua,MODIS,73,61.03,284,17.2,D,0
40.778,-8.2022,309.1,1,1,2023-12-21,1100,Terra,MODIS,68,61.03,281.7,12.3,D,0
40.7762,-8.1906,327.8,1,1,2023-12-21,1100,Terra,MODIS,85,61.03,283.2,30,D,0
37.1541,-8.2747,306.4,1.1,1.1,2023-12-21,1356,Aqua,MODIS,63,61.03,290,8.8,D,0
37.9523,-7.7249,307.4,1.1,1,2023-12-21,1356,Aqua,MODIS,65,61.03,289,9.3,D,0
41.6684,-8.1077,318.7,1.1,1.1,2023-12-23,2148,Terra,MODIS,97,61.03,279.8,25.2,N,0
41.6661,-8.1211,310.1,1.1,1.1,2023-12-23,2148,Terra,MODIS,79,61.03,279.2,16.7,N,0
41.8134,-7.9433,322.3,1.5,1.2,2023-12-24,1423,Aqua,MODIS,77,61.03,285.4,40.2,D,0
41.8167,-7.932,304,1.5,1.2,2023-12-24,1423,Aqua,MODIS,37,61.03,285.2,11.2,D,0
41.8152,-7.9487,318.7,1.5,1.2,2023-12-24,1423,Aqua,MODIS,79,61.03,285.3,31.5,D,0
37.1929,-7.5185,304.7,1,1,2023-12-26,1406,Aqua,MODIS,60,61.03,289.1,6.6,D,0
